repo,covered_before,missed_before,percent_before,total_before,covered_after,missed_after,percent_after,total_after,percent_max
0opslab_opslabJutil,0,0,0.0,0,0.0,0.0,0.0,0.0,0.0
0x00007c00_JundeadShell,0,113856,0.0,113856,0.0,0.0,0.0,0.0,0.0
0x727_DropLabTools,0,0,0.0,0,0.0,0.0,0.0,0.0,0.0
0x727_JNDIExploit,0,0,0.0,0,0.0,0.0,0.0,0.0,0.0
0xf4n9x_CVE-2023-0669,0,0,0.0,0,0.0,0.0,0.0,0.0,0.0
171906502_match-trade,0,0,0.0,0,0.0,0.0,0.0,0.0,0.0
1994_ssm-scaffold,0,0,0.0,0,0.0,0.0,0.0,0.0,0.0
2YSP_rpc-spring-boot-starter,0,0,0.0,0,1579.0,4447.0,26.20311981413873,6026.0,26.20311981413873
373675032_moti-blog,0,0,0.0,0,0.0,9706.0,0.0,9706.0,0.0
373675032_moti-cloud,0,0,0.0,0,0.0,5122.0,0.0,5122.0,0.0
373675032_smart-medicine,0,0,0.0,0,2160.0,2110.0,50.585480093676814,4270.0,50.585480093676814
4ra1n_mysql-fake-server,0,16487,0.0,16487,0.0,0.0,0.0,0.0,0.0
4refr0nt_ESPlorer,0,0,0.0,0,125.0,46200.0,0.26983270372369134,46325.0,0.26983270372369134
58code_Argo,0,0,0.0,0,0.0,0.0,0.0,0.0,0.0
5KG-UCAS_CosmeticsKG,0,0,0.0,0,0.0,2225.0,0.0,2225.0,0.0
5kywa1ker_mall,170,4666,3.5153019023986767,4836,2606.0,2230.0,53.887510339123246,4836.0,53.887510339123246
7040210_SuperBoot,0,0,0.0,0,0.0,0.0,0.0,0.0,0.0
AMJIYU_javaweb-sec,0,0,0.0,0,0.0,0.0,0.0,0.0,0.0
AdRoll_cantor,1280,415,75.51622418879056,1695,1465.0,230.0,86.4306784660767,1695.0,86.4306784660767
AichaelLee_zeusSpring,325,51852,0.6228798129444009,52177,0.0,0.0,0.0,0.0,0.6228798129444009
AlanLiang1998_geek_blog,0,0,0.0,0,0.0,0.0,0.0,0.0,0.0
AlexP11223_JavaSpringMvcBlog,1310,2161,37.74128493229617,3471,1921.0,1550.0,55.34428118697782,3471.0,55.34428118697782
AmadeusITGroup_sonar-stash,4565,986,82.23743469645109,5551,0.0,0.0,0.0,0.0,82.23743469645109
AnAngryMan_KafkaSimpleExample,0,0,0.0,0,348.0,126.0,73.41772151898735,474.0,73.41772151898735
AndriyKalashnykov_spring-microservices-k8s,0,0,0.0,0,0.0,0.0,0.0,0.0,0.0
Ardesco_driver-binary-downloader-maven-plugin,2410,1540,61.01265822784811,3950,3140.0,810.0,79.49367088607595,3950.0,79.49367088607595
Aresyi_smart-api,0,0,0.0,0,2780.0,17145.0,13.952321204516938,19925.0,13.952321204516938
ArvinZhangX_ssm_bilibili,0,7435,0.0,7435,1630.0,5805.0,21.923335574983188,7435.0,21.923335574983188
Atmosphere_nettosphere,8983,8647,50.952921157118546,17630,12212.0,13439.0,47.60828037893259,25651.0,50.952921157118546
AwakenCN_Almost-Famous,0,374364,0.0,374364,0.0,0.0,0.0,0.0,0.0
AwakenCN_InChat,135,7062,1.8757815756565235,7197,0.0,0.0,0.0,0.0,1.8757815756565235
AxonFramework_Axon-trader,10788,16410,39.66468122656078,27198,0.0,0.0,0.0,0.0,39.66468122656078
B0T1eR_ysoSimple,0,0,0.0,0,0.0,0.0,0.0,0.0,0.0
Baidu-AIP_java-sdk,0,0,0.0,0,4900.0,8955.0,35.36629375676651,13855.0,35.36629375676651
BazingaLyn_netty-study,0,0,0.0,0,0.0,0.0,0.0,0.0,0.0
Beh01der_EasyFlow,1649,413,79.97090203685741,2062,0.0,0.0,0.0,0.0,79.97090203685741
BlackLabs_play-morphia,0,0,0.0,0,0.0,0.0,0.0,0.0,0.0
BlackmodeN_iCloudDisk,85,2675,3.0797101449275366,2760,855.0,1905.0,30.978260869565215,2760.0,30.978260869565215
Blazebit_blaze-persistence,0,13907049,0.0,13907049,0.0,0.0,0.0,0.0,0.0
BottegaIT_ddd-cqrs-sample,3775,2185,63.33892617449665,5960,4895.0,1065.0,82.13087248322147,5960.0,82.13087248322147
BottegaIT_ddd-leaven-v2,3252,2740,54.27236315086782,5992,4522.0,1470.0,75.46728971962617,5992.0,75.46728971962617
Bukkit_Bukkit,16543,52509,23.95730753634942,69052,0.0,0.0,0.0,0.0,23.95730753634942
Byron4j_JrebelLicenseServerforJava,0,0,0.0,0,475.0,835.0,36.25954198473282,1310.0,36.25954198473282
CCCLL_lrpc,0,7859,0.0,7859,1899.0,10065.0,15.872617853560683,11964.0,15.872617853560683
CN-GuoZiyang_My-RPC-Framework,0,7979,0.0,7979,1861.0,10140.0,15.507041079910008,12001.0,15.507041079910008
CODAIT_stocator,1392,17349,7.42756523131103,18741,0.0,0.0,0.0,0.0,7.42756523131103
CR553_Project01,0,0,0.0,0,465.0,1155.0,28.703703703703702,1620.0,28.703703703703702
CSPF-Founder_JavaVulnerableLab,0,0,0.0,0,100.0,1835.0,5.167958656330749,1935.0,5.167958656330749
Cenyol_SpringMVC,15,499,2.9182879377431905,514,0.0,0.0,0.0,0.0,2.9182879377431905
Cetsoft_imcache,29219,1740,94.37966342582125,30959,0.0,0.0,0.0,0.0,94.37966342582125
ChannelApe_shopify-sdk,12084,2942,80.42060428590443,15026,13889.0,1137.0,92.43311593238387,15026.0,92.43311593238387
ChinaYiqun_java-rag,0,0,0.0,0,0.0,0.0,0.0,0.0,0.0
Chrriis_RRDiagram,0,0,0.0,0,6092.0,885.0,87.31546509961301,6977.0,87.31546509961301
ClickHouse_clickhouse-jdbc-bridge,8599,12528,40.70147204998344,21127,10214.0,10913.0,48.34571874852085,21127.0,48.34571874852085
CobbleSword_NachoSpigot,64924,418846,13.420427062447029,483770,0.0,0.0,0.0,0.0,13.420427062447029
Codecademy_EventHub,0,0,0.0,0,0.0,0.0,0.0,0.0,0.0
CodepediaOrg_demo-rest-jersey-spring,425,1675,20.238095238095237,2100,1070.0,1030.0,50.95238095238095,2100.0,50.95238095238095
CognitiveBuild_Chatbot,0,0,0.0,0,462.0,1085.0,29.86425339366516,1547.0,29.86425339366516
Comcast_jrugged,33712,8954,79.01373458960296,42666,0.0,0.0,0.0,0.0,79.01373458960296
Contrast-Security-OSS_cassandra-migration,3655,5281,40.90196956132498,8936,5520.0,3416.0,61.77260519247986,8936.0,61.77260519247986
Cool-Coding_remote-desktop-control,0,16911,0.0,16911,5347.0,26084.0,17.011867264802266,31431.0,17.011867264802266
Corvey_Exam-Online,0,0,0.0,0,2607.0,2615.0,49.923400995787055,5222.0,49.923400995787055
CrackerCat_JSPHorse,0,0,0.0,0,605.0,700.0,46.36015325670498,1305.0,46.36015325670498
CrawlScript_WebCollector,0,0,0.0,0,0.0,0.0,0.0,0.0,0.0
CreditTone_goniub,0,12870,0.0,12870,0.0,0.0,0.0,0.0,0.0
Cue_greplin-bloom-filter,1757,230,88.42476094614997,1987,1892.0,95.0,95.21892299949673,1987.0,95.21892299949673
Cue_greplin-lucene-utils,1366,5338,20.375894988066825,6704,3603.0,3101.0,53.74403341288782,6704.0,53.74403341288782
D2C-Cai_shop-mall,0,41400,0.0,41400,0.0,0.0,0.0,0.0,0.0
DaisyDiff_DaisyDiff,8939,5333,62.63312780269058,14272,11122.0,3150.0,77.92881165919282,14272.0,77.92881165919282
DanielJyc_raft-simple,0,7781,0.0,7781,0.0,0.0,0.0,0.0,0.0
DannyHoo_desensitized,950,335,73.92996108949417,1285,1170.0,115.0,91.05058365758755,1285.0,91.05058365758755
DarLiner_openzaly,0,1315857,0.0,1315857,0.0,0.0,0.0,0.0,0.0
Dec12th_JrebelBrainsLicenseServerforJava,0,0,0.0,0,505.0,690.0,42.25941422594142,1195.0,42.25941422594142
DeemOpen_zkui,0,4502,0.0,4502,908.0,3594.0,20.16881386050644,4502.0,20.16881386050644
DengSinkiang_sk-admin,0,21355,0.0,21355,0.0,0.0,0.0,0.0,0.0
DerekYRC_mini-spring,4164,526,88.78464818763327,4690,4339.0,351.0,92.51599147121536,4690.0,92.51599147121536
Devskiller_friendly-id,992,186,84.21052631578947,1178,0.0,0.0,0.0,0.0,84.21052631578947
Devskiller_jpa2ddl,4124,789,83.94056584571545,4913,4329.0,1831.0,70.27597402597404,6160.0,83.94056584571545
DiUS_java-faker,8830,190,97.89356984478935,9020,8945.0,75.0,99.16851441241685,9020.0,99.16851441241685
Diabol_delivery-pipeline-plugin,0,0,0.0,0,0.0,0.0,0.0,0.0,0.0
ECharts-Java_ECharts-Java,3635,45137,7.4530468301484465,48772,11684.0,37088.0,23.95636840810301,48772.0,23.95636840810301
ESAPI_esapi-java,0,0,0.0,0,367.0,42.0,89.73105134474328,409.0,89.73105134474328
EalenXie_SpringBoot-Quartz,0,0,0.0,0,312.0,627.0,33.22683706070288,939.0,33.22683706070288
EalenXie_shiro-jwt-applet,0,1459,0.0,1459,658.0,801.0,45.09938313913639,1459.0,45.09938313913639
EalenXie_spring-microservice-ddd,30,2505,1.183431952662722,2535,30.0,2505.0,1.183431952662722,2535.0,1.183431952662722
EalenXie_springboot-quartz-simple,0,0,0.0,0,110.0,380.0,22.448979591836736,490.0,22.448979591836736
Er1cccc_ACAF,0,12468,0.0,12468,0.0,0.0,0.0,0.0,0.0
Erik-ly_SprakProject,0,6642,0.0,6642,0.0,0.0,0.0,0.0,0.0
EsotericSoftware_minlog,0,0,0.0,0,0.0,0.0,0.0,0.0,0.0
EsotericSoftware_reflectasm,3085,450,87.27015558698727,3535,3325.0,210.0,94.05940594059405,3535.0,94.05940594059405
EsotericSoftware_yamlbeans,14506,1765,89.1524798721652,16271,14756.0,1515.0,90.688955810952,16271.0,90.688955810952
Esri_spatial-framework-for-hadoop,3461,8670,28.530211853927955,12131,0.0,0.0,0.0,0.0,28.530211853927955
ExpediaGroup_adaptive-alerting,68632,5066,93.12600070558224,73698,0.0,0.0,0.0,0.0,93.12600070558224
Exrick_x-cloud,0,11734,0.0,11734,0.0,0.0,0.0,0.0,0.0
F4bwDP6a6W_spring-mvc-mini,0,3023,0.0,3023,0.0,3023.0,0.0,3023.0,0.0
FENGZHIJIE1998_shiro-auth,0,0,0.0,0,0.0,0.0,0.0,0.0,0.0
Fadezed_concurrency,380,7247,4.982299724662384,7627,0.0,0.0,0.0,0.0,4.982299724662384
FangStarNet_symphonyx,145,45928,0.3147179476048879,46073,3414.0,42659.0,7.409979814641981,46073.0,7.409979814641981
Fanping_iveely.search,0,23940,0.0,23940,0.0,0.0,0.0,0.0,0.0
FasterXML_aalto-xml,47307,49320,48.958365674190446,96627,0.0,0.0,0.0,0.0,48.958365674190446
FasterXML_jackson-annotations,3490,910,79.31818181818183,4400,0.0,0.0,0.0,0.0,79.31818181818183
FasterXML_jackson-datatype-jsr310,3843,1170,76.66068222621185,5013,0.0,0.0,0.0,0.0,76.66068222621185
FasterXML_jackson-module-afterburner,6315,3230,66.16029334730226,9545,6350.0,3195.0,66.52697747511786,9545.0,66.52697747511786
FrameReserve_TrainingBoot,0,0,0.0,0,0.0,0.0,0.0,0.0,0.0
GZoltar_gzoltar,0,0,0.0,0,0.0,0.0,0.0,0.0,0.0
GenshenWang_SSM_HRMS,0,0,0.0,0,480.0,775.0,38.24701195219124,1255.0,38.24701195219124
GladUrBad_Medusa,0,360,0.0,360,0.0,0.0,0.0,0.0,0.0
Glamdring_computoser,3229,28210,10.27068290976176,31439,3244.0,28195.0,10.318394350965361,31439.0,10.318394350965361
GlitchCog_ChatGameFontificator,0,0,0.0,0,0.0,0.0,0.0,0.0,0.0
GoogleCloudPlatform_cloud-opensource-java,53623,4753,91.8579553241058,58376,0.0,0.0,0.0,0.0,91.8579553241058
GustikS_NeuraLogic,42181,533472,7.327504590439032,575653,0.0,0.0,0.0,0.0,7.327504590439032
Hansanshi_mark-idea,1044,6606,13.647058823529413,7650,1059.0,6591.0,13.843137254901961,7650.0,13.843137254901961
Hickeyer_EDEN-MACE,0,1292,0.0,1292,0.0,0.0,0.0,0.0,0.0
HiveRunner_HiveRunner,5790,800,87.86039453717754,6590,5960.0,630.0,90.44006069802731,6590.0,90.44006069802731
HouariZegai_SpyGen,0,0,0.0,0,0.0,0.0,0.0,0.0,0.0
HowieYuan_easyexcel-encapsulation,10,685,1.4388489208633095,695,355.0,340.0,51.07913669064749,695.0,51.07913669064749
HyDevelop_PicqBotX,0,8927,0.0,8927,4656.0,4271.0,52.156379522796016,8927.0,52.156379522796016
IBM_spring-cloud-kubernetes-with-istio,70,196,26.31578947368421,266,70.0,196.0,26.31578947368421,266.0,26.31578947368421
IcedSoul_Shopping,0,0,0.0,0,990.0,2435.0,28.905109489051096,3425.0,28.905109489051096
Icemap_MapServer,50,2835,1.733102253032929,2885,0.0,0.0,0.0,0.0,1.733102253032929
Intel-bigdata_HiBench,0,24183,0.0,24183,0.0,0.0,0.0,0.0,0.0
JMCuixy_swagger2word,0,0,0.0,0,0.0,0.0,0.0,0.0,0.0
JUGGL_Spring-Vert.x-Integration-Example,0,0,0.0,0,146.0,71.0,67.2811059907834,217.0,67.2811059907834
JaceyRx_Examination_System,0,0,0.0,0,6805.0,3975.0,63.12615955473099,10780.0,63.12615955473099
JackyFuu_SSM-Maven-Heima,0,0,0.0,0,1090.0,1899.0,36.46704583472734,2989.0,36.46704583472734
JakeWharton_DiskLruCache,1981,300,86.8478737395879,2281,1981.0,300.0,86.8478737395879,2281.0,86.8478737395879
JakeWharton_RxRelay,2850,200,93.44262295081968,3050,0.0,0.0,0.0,0.0,93.44262295081968
JakeWharton_RxReplayingShare,890,22,97.58771929824562,912,0.0,0.0,0.0,0.0,97.58771929824562
JakeWharton_RxWindowIfChanged,506,60,89.39929328621908,566,506.0,320.0,61.25907990314769,826.0,89.39929328621908
JakeWharton_picasso2-okhttp3-downloader,0,290,0.0,290,0.0,0.0,0.0,0.0,0.0
JakeWharton_retrofit1-okhttp3-client,254,10,96.21212121212122,264,259.0,5.0,98.10606060606061,264.0,98.10606060606061
JamesZBL_java_design_patterns,1735,715,70.81632653061224,2450,6030.0,2615.0,69.7513013302487,8645.0,70.81632653061224
Janche_springboot-security-project,0,12417,0.0,12417,0.0,0.0,0.0,0.0,0.0
JaryZhen_rulegin,0,0,0.0,0,0.0,0.0,0.0,0.0,0.0
Jaskey_RocketMQDedupListener,0,0,0.0,0,170.0,847.0,16.71583087512291,1017.0,16.71583087512291
Java-Techie-jt_spring-security-jwt-example,120,257,31.830238726790448,377,120.0,257.0,31.830238726790448,377.0,31.830238726790448
Javen205_IJPay-Demo,0,0,0.0,0,695.0,9320.0,6.939590614078882,10015.0,6.939590614078882
Javen205_jfinal_qyweixin,0,0,0.0,0,5057.0,9181.0,35.51762888046074,14238.0,35.51762888046074
JeffLi1993_fast-framework,605,2521,19.353806781829814,3126,0.0,0.0,0.0,0.0,19.353806781829814
JeffLi1993_springcloud-learning-example,0,0,0.0,0,0.0,0.0,0.0,0.0,0.0
Jeromeyoung_JNDIExploit-1,0,0,0.0,0,0.0,0.0,0.0,0.0,0.0
Jiaru0314_cloud2020,0,1246,0.0,1246,0.0,0.0,0.0,0.0,0.0
JinBinPeng_springboot-jwt,55,321,14.627659574468085,376,125.0,251.0,33.244680851063826,376.0,33.244680851063826
JosephZhu1983_SpringSecurity101,0,0,0.0,0,0.0,0.0,0.0,0.0,0.0
JosephZhu1983_java-common-mistakes,0,0,0.0,0,0.0,0.0,0.0,0.0,0.0
Juniper_netconf-java,2832,3089,47.8297584867421,5921,4157.0,1764.0,70.20773517986827,5921.0,70.20773517986827
JupiterMouse_data-lineage-parent,0,9865,0.0,9865,0.0,9865.0,0.0,9865.0,0.0
Kevded_example-reactive-spring-kafka-consumer-and-producer,130,119,52.208835341365464,249,130.0,119.0,52.208835341365464,249.0,52.208835341365464
KiroScarlet_PromoProject,0,2870,0.0,2870,1715.0,1155.0,59.756097560975604,2870.0,59.756097560975604
KnisterPeter_jreact,385,70,84.61538461538461,455,435.0,20.0,95.6043956043956,455.0,95.6043956043956
KuroChan1998_Student-Information-Administration-System,0,0,0.0,0,0.0,0.0,0.0,0.0,0.0
LTianHang_ShiroUploadTools,0,0,0.0,0,300.0,1457.0,17.07455890722823,1757.0,17.07455890722823
LandGrey_copagent,0,0,0.0,0,0.0,0.0,0.0,0.0,0.0
LatencyUtils_LatencyUtils,2035,595,77.3764258555133,2630,0.0,0.0,0.0,0.0,77.3764258555133
LearningByExample_reactive-ms-example,1220,0,100.0,1220,1220.0,0.0,100.0,1220.0,100.0
Leme34_stateMachine,842,953,46.90807799442897,1795,842.0,953.0,46.90807799442897,1795.0,46.90807799442897
LiHaodong888_pre,0,8144,0.0,8144,0.0,0.0,0.0,0.0,0.0
LiangWuCode_2019-nCov-api,210,2435,7.9395085066162565,2645,210.0,2435.0,7.9395085066162565,2645.0,7.9395085066162565
LinkedInAttic_camus,8856,32976,21.17039586919105,41832,0.0,0.0,0.0,0.0,21.17039586919105
LiuJiaJun123_SpringBoot_EducationalMS,297,10730,2.6933889543846923,11027,297.0,10730.0,2.6933889543846923,11027.0,2.6933889543846923
LookBackInTheRain_oauth-boot,1384,4041,25.51152073732719,5425,0.0,0.0,0.0,0.0,25.51152073732719
Lovelcp_spring-boot-mybatis-with-redis,215,140,60.56338028169014,355,260.0,95.0,73.23943661971832,355.0,73.23943661971832
LxxxSec_CTF-Java-Gadget,0,0,0.0,0,0.0,0.0,0.0,0.0,0.0
MUYU212_JNDI-Injection-Memshell,0,4586,0.0,4586,0.0,0.0,0.0,0.0,0.0
Mach5_supersonic,9304,55502,14.356695367712865,64806,0.0,0.0,0.0,0.0,14.356695367712865
Mandelo_ssm_shiro_blog,0,0,0.0,0,730.0,1195.0,37.922077922077925,1925.0,37.922077922077925
Marcelektro_MavenMCP-1.8.9,0,0,0.0,0,0.0,0.0,0.0,0.0,0.0
MarkusBernhardt_proxy-vole,5802,6558,46.94174757281554,12360,0.0,0.0,0.0,0.0,46.94174757281554
Maschell_JNUSTool,0,0,0.0,0,0.0,0.0,0.0,0.0,0.0
Maschell_JWUDTool,0,0,0.0,0,10.0,1142.0,0.8680555555555556,1152.0,0.8680555555555556
Matthias247_jawampa,0,17168,0.0,17168,0.0,0.0,0.0,0.0,0.0
MccreeFei_EasyChat,0,0,0.0,0,860.0,515.0,62.54545454545455,1375.0,62.54545454545455
MeetYouDevs_big-whale,0,0,0.0,0,5100.0,15033.0,25.33154522425868,20133.0,25.33154522425868
Merck_Halyard,46836,11186,80.72110578745992,58022,0.0,0.0,0.0,0.0,80.72110578745992
MichelliBrito_agendalive,15,250,5.660377358490567,265,15.0,250.0,5.660377358490567,265.0,5.660377358490567
MicrosoftDocs_pipelines-java,20,10,66.66666666666666,30,30.0,0.0,100.0,30.0,100.0
MisterChangRay_common-mvc,0,0,0.0,0,12694.0,7470.0,62.953779012100775,20164.0,62.953779012100775
MoriTanosuke_glacieruploader,6505,704,90.23442918574005,7209,7325.0,3071.0,70.45979222777991,10396.0,90.23442918574005
Mother-Ship_cabbageWeb,0,0,0.0,0,5767.0,27886.0,17.136659436008678,33653.0,17.136659436008678
MrJian8_ThreadDemo,0,0,0.0,0,0.0,0.0,0.0,0.0,0.0
Mrkuhuo_data-warehouse-learning,0,0,0.0,0,0.0,0.0,0.0,0.0,0.0
MusicXi_demo-aop-log,0,0,0.0,0,0.0,0.0,0.0,0.0,0.0
Naccl_ShortURL,60,820,6.8181818181818175,880,60.0,820.0,6.8181818181818175,880.0,6.8181818181818175
NetSPI_JavaSerialKiller,0,0,0.0,0,0.0,0.0,0.0,0.0,0.0
Netflix_CassJMeter,0,0,0.0,0,2300.0,5055.0,31.27124405166553,7355.0,31.27124405166553
Netflix_Surus,1775,477,78.81882770870338,2252,1882.0,370.0,83.57015985790409,2252.0,83.57015985790409
Netflix_curator,245,110,69.01408450704226,355,270.0,85.0,76.05633802816901,355.0,76.05633802816901
NetherlandsForensicInstitute_kafka-spout,1007,55,94.8210922787194,1062,1012.0,50.0,95.29190207156309,1062.0,95.29190207156309
Nikati_WebStack-Guns-NKT,0,0,0.0,0,0.0,0.0,0.0,0.0,0.0
Nilhcem_FakeSMTP,960,3429,21.872863978127135,4389,2716.0,1673.0,61.88197767145136,4389.0,61.88197767145136
NiuXiangQian_chatgpt-stream,0,0,0.0,0,1123.0,632.0,63.988603988603984,1755.0,63.988603988603984
NoRulesJustFeels_Fling,0,0,0.0,0,0.0,0.0,0.0,0.0,0.0
Nodeclipse_nodeclipse,0,1872706,0.0,1872706,0.0,0.0,0.0,0.0,0.0
NormanGyllenhaal_canal-client,0,3952,0.0,3952,0.0,0.0,0.0,0.0,0.0
Nova41_SnowLeopard,594,1734,25.51546391752577,2328,0.0,0.0,0.0,0.0,25.51546391752577
OAuth-Apis_apis,18898,28601,39.786100760016005,47499,0.0,0.0,0.0,0.0,39.786100760016005
OPCFoundation_UA-Java-Legacy,190377,123626,60.629038576064566,314003,190387.0,123616.0,60.63222325901345,314003.0,60.63222325901345
OWASP_OWASP-WebScarab,105,122126,0.08590292151745466,122231,20802.0,101429.0,17.01859593720087,122231.0,17.01859593720087
ObjectLayout_ObjectLayout,0,30278,0.0,30278,0.0,0.0,0.0,0.0,0.0
OpenHFT_Zero-Allocation-Hashing,8920,980,90.1010101010101,9900,0.0,0.0,0.0,0.0,90.1010101010101
OpenSmpp_opensmpp,8338,68935,10.790314857712268,77273,0.0,0.0,0.0,0.0,10.790314857712268
Ordina-Group_microservices-dashboard,5254,0,100.0,5254,0.0,0.0,0.0,0.0,100.0
OrienteerBAP_Orienteer,819482,724264,53.08399179657793,1543746,0.0,0.0,0.0,0.0,53.08399179657793
Ouyangan_hunt-admin,0,8162,0.0,8162,0.0,0.0,0.0,0.0,0.0
Pablissimo_SonarTsPlugin,3126,255,92.45785270629992,3381,0.0,0.0,0.0,0.0,92.45785270629992
PacktPublishing_Java-Machine-Learning-for-Computer-Vision,0,2465,0.0,2465,0.0,0.0,0.0,0.0,0.0
Pay-Group_best-pay-demo,229,393,36.81672025723473,622,0.0,0.0,0.0,0.0,36.81672025723473
ProgrammerAnthony_Courier,0,0,0.0,0,0.0,0.0,0.0,0.0,0.0
ProgrammerAnthony_Haafiz,0,51084,0.0,51084,0.0,0.0,0.0,0.0,0.0
Project-PMPanel_PMPanel,0,0,0.0,0,0.0,0.0,0.0,0.0,0.0
Qbian61_forum-java,0,44092,0.0,44092,8574.0,62604.0,12.045856865885526,71178.0,12.045856865885526
QianmiOpen_spring-boot-starter-rocketmq,0,0,0.0,0,1321.0,583.0,69.38025210084034,1904.0,69.38025210084034
RNCryptor_JNCryptor,2447,740,76.78067147787888,3187,2542.0,645.0,79.76153122058362,3187.0,79.76153122058362
RamosLi_dbay-apns-for-java,0,0,0.0,0,0.0,0.0,0.0,0.0,0.0
RankSys_RankSys,20731,99902,17.185181500916002,120633,0.0,0.0,0.0,0.0,17.185181500916002
RapidsBlink_message-queue-java,0,0,0.0,0,0.0,0.0,0.0,0.0,0.0
Rayhahah_Raymall,0,0,0.0,0,3427.0,13965.0,19.70446182152714,17392.0,19.70446182152714
Rekoe_Rk_Cms,0,0,0.0,0,0.0,0.0,0.0,0.0,0.0
RichardWarburton_slab,1470,375,79.67479674796748,1845,0.0,0.0,0.0,0.0,79.67479674796748
RitterHou_Geisha,0,1929,0.0,1929,969.0,960.0,50.233281493001556,1929.0,50.233281493001556
RobotiumTech_robotium,0,0,0.0,0,0.0,0.0,0.0,0.0,0.0
SAP-archive_cloud-espm-v2,7722,3480,68.93411890733798,11202,0.0,0.0,0.0,0.0,68.93411890733798
SPLWare_esProc,0,0,0.0,0,0.0,0.0,0.0,0.0,0.0
SPuerBRead_Bridge,0,0,0.0,0,905.0,4158.0,17.874777799723486,5063.0,17.874777799723486
ScaleSec_vulnado,25,1010,2.4154589371980677,1035,0.0,0.0,0.0,0.0,2.4154589371980677
Scout24_yum-repo-server,8064,10170,44.22507403751234,18234,0.0,0.0,0.0,0.0,44.22507403751234
SeanDragon_protools,0,55665,0.0,55665,0.0,55665.0,0.0,55665.0,0.0
Sencc_shop-system,0,0,0.0,0,6510.0,4060.0,61.58940397350994,10570.0,61.58940397350994
SevenEX_bitrade-parent,0,732342,0.0,732342,0.0,0.0,0.0,0.0,0.0
ShawnyXiao_SpringBoot-MyBatis,0,0,0.0,0,464.0,757.0,38.001638001638,1221.0,38.001638001638
ShiftLeftSecurity_tarpit-java,0,0,0.0,0,0.0,0.0,0.0,0.0,0.0
ShuaiJunlan_Autumn,0,11556,0.0,11556,0.0,0.0,0.0,0.0,0.0
SiGuiyang_spring-cloud-shop,0,78915,0.0,78915,0.0,0.0,0.0,0.0,0.0
SilenceSu_behavior3java,0,0,0.0,0,1304.0,1169.0,52.72947836635665,2473.0,52.72947836635665
Simmetrics_simmetrics,16778,58,99.65550011879306,16836,22944.0,2146.0,91.4467915504185,25090.0,99.65550011879306
SingMR_HouseRent,95,2900,3.1719532554257093,2995,95.0,2900.0,3.1719532554257093,2995.0,3.1719532554257093
SkyYongFly_YunZhi,0,0,0.0,0,3021.0,2921.0,50.841467519353756,5942.0,50.841467519353756
Slikey_EffectLib,0,0,0.0,0,718.0,15042.0,4.555837563451777,15760.0,4.555837563451777
Smith-Cruise_Spring-Boot-Security-JWT-SPA,185,675,21.511627906976745,860,480.0,380.0,55.81395348837209,860.0,55.81395348837209
SonarSource_sonarlint-cli,5477,1145,82.70915131380248,6622,0.0,0.0,0.0,0.0,82.70915131380248
Splitet_SplitetFramework,565,23913,2.3081951139799,24478,0.0,0.0,0.0,0.0,2.3081951139799
SpringForAll_spring-boot-starter-hbase,0,0,0.0,0,80.0,498.0,13.84083044982699,578.0,13.84083044982699
SpringForAll_spring-boot-starter-mongodb-plus,0,0,0.0,0,249.0,1.0,99.6,250.0,99.6
SquareSquash_java,382,30,92.71844660194175,412,382.0,30.0,92.71844660194175,412.0,92.71844660194175
StarRocks_demo,0,0,0.0,0,0.0,0.0,0.0,0.0,0.0
Stratio_cassandra-lucene-index,14397,7553,65.58997722095671,21950,0.0,0.0,0.0,0.0,65.58997722095671
Strelizia02_AngelinaBot,0,0,0.0,0,0.0,0.0,0.0,0.0,0.0
Strelizia02_ArknightsAPI,0,0,0.0,0,0.0,0.0,0.0,0.0,0.0
StripesFramework_stripes,55221,65165,45.86995165550812,120386,0.0,0.0,0.0,0.0,45.86995165550812
SwingFrog_Summer,260,42249,0.6116351831376885,42509,0.0,0.0,0.0,0.0,0.6116351831376885
Syncleus_aparapi,25323,24757,50.56509584664537,50080,0.0,0.0,0.0,0.0,50.56509584664537
TFdream_mango,656,172547,0.37874632656478235,173203,0.0,0.0,0.0,0.0,0.37874632656478235
TFdream_rpc-framework-tutorials,0,4029,0.0,4029,0.0,0.0,0.0,0.0,0.0
TU-Berlin-DIMA_scotty-window-processor,35477,7082,83.35957141850137,42559,0.0,0.0,0.0,0.0,83.35957141850137
TaXueWWL_shield-ratelimter,0,0,0.0,0,0.0,0.0,0.0,0.0,0.0
Tanaguru_Contrast-Finder,4248,3608,54.073319755600814,7856,0.0,0.0,0.0,0.0,54.073319755600814
TangBean_OnlineExecutor,867,4310,16.74715085957118,5177,3552.0,1625.0,68.61116476723971,5177.0,68.61116476723971
TechPrimers_jwt-security-example,140,410,25.454545454545453,550,445.0,105.0,80.9090909090909,550.0,80.9090909090909
TechPrimers_spring-batch-example-1,190,255,42.69662921348314,445,190.0,255.0,42.69662921348314,445.0,42.69662921348314
TechPrimers_spring-boot-graphql-query-example,126,69,64.61538461538461,195,126.0,69.0,64.61538461538461,195.0,64.61538461538461
TechPrimers_spring-boot-kafka-consumer-example,105,115,47.72727272727273,220,210.0,10.0,95.45454545454545,220.0,95.45454545454545
TechPrimers_spring-boot-kafka-producer-example,45,90,33.33333333333333,135,115.0,20.0,85.18518518518519,135.0,85.18518518518519
TencentVideoCloudMLVBDev_roomservice_server_java,0,0,0.0,0,3985.0,3750.0,51.519069166127984,7735.0,51.519069166127984
TencentVideoCloudMLVBDev_webrtc_server_java,0,0,0.0,0,2015.0,905.0,69.0068493150685,2920.0,69.0068493150685
ThatKawaiiSam_Assemble,60,1140,5.0,1200,60.0,1140.0,5.0,1200.0,5.0
ThomasFooteDQ_DroidQuest,0,0,0.0,0,25858.0,63403.0,28.968978613280154,89261.0,28.968978613280154
ThoughtsBeta_flash-sale,0,22705,0.0,22705,0.0,0.0,0.0,0.0,0.0
ThreeTen_threetenbp,35220,17611,66.66540478128373,52831,35220.0,17611.0,66.66540478128373,52831.0,66.66540478128373
TiBeN_ia-rcade,1765,5533,24.184708139216223,7298,0.0,0.0,0.0,0.0,24.184708139216223
TimoCloud_TimoCloud,6667,45706,12.72984171233269,52373,0.0,0.0,0.0,0.0,12.72984171233269
ToastShaman_dropwizard-auth-jwt,322,82,79.70297029702971,404,322.0,82.0,79.70297029702971,404.0,79.70297029702971
Trisia_alg-sm2-demo,0,0,0.0,0,905.0,1555.0,36.78861788617886,2460.0,36.78861788617886
Truphone_LPAd_SM-DPPlus_Connector,3152,214239,1.449922029890842,217391,25412.0,290973.0,8.03198634574964,316385.0,8.03198634574964
TyCoding_shiro,0,0,0.0,0,1273.0,1550.0,45.09387176762309,2823.0,45.09387176762309
TyCoding_ssm,0,0,0.0,0,365.0,165.0,68.86792452830188,530.0,68.86792452830188
UniconLabs_java-keystore-ssl-test,0,0,0.0,0,30.0,552.0,5.154639175257731,582.0,5.154639175257731
VisualDataWeb_OWL2VOWL,8991,4274,67.77987184319639,13265,10595.0,2670.0,79.87184319638145,13265.0,79.87184319638145
VueGWT_vue-gwt,7377,14972,33.00818828582934,22349,0.0,0.0,0.0,0.0,33.00818828582934
WAng91An_ManagementSystem,0,0,0.0,0,0.0,0.0,0.0,0.0,0.0
WAng91An_Wmall,0,0,0.0,0,0.0,0.0,0.0,0.0,0.0
WangJi92_arthas-plugin-demo,672,859,43.89288047028086,1531,0.0,0.0,0.0,0.0,43.89288047028086
WeBankFinTech_Exchangis,0,1105901,0.0,1105901,0.0,0.0,0.0,0.0,0.0
WebGoat_WebGoat-Legacy,0,0,0.0,0,0.0,0.0,0.0,0.0,0.0
WeiYe-Jing_datax-web,0,25363,0.0,25363,0.0,25363.0,0.0,25363.0,0.0
Whoopsunix_utf-8-overlong-encoding,0,0,0.0,0,1352.0,595.0,69.44016435541859,1947.0,69.44016435541859
WildMeOrg_Wildbook,5145,295377,1.712021083315032,300522,0.0,0.0,0.0,0.0,1.712021083315032
Wind-Development_WindSpigot,0,89540,0.0,89540,0.0,0.0,0.0,0.0,0.0
Wolfgang-Schuetzelhofer_jcypher,68801,12426,84.70213106479373,81227,0.0,0.0,0.0,0.0,84.70213106479373
X1r0z_JNDIMap,0,0,0.0,0,0.0,0.0,0.0,0.0,0.0
XiaoMi_shepher,12010,13242,47.56058926025661,25252,0.0,0.0,0.0,0.0,47.56058926025661
Y4er_fastjson-bypass-autotype-1.2.68,10,410,2.380952380952381,420,10.0,410.0,2.380952380952381,420.0,2.380952380952381
Y5neKO_ShiroEXP,0,0,0.0,0,2212.0,8612.0,20.436067997043605,10824.0,20.436067997043605
YClimb_wxpay-sdk,0,0,0.0,0,0.0,0.0,0.0,0.0,0.0
YYHYlh_Apache-Dubbo-CVE-2023-23638-exp,0,0,0.0,0,987.0,1214.0,44.843253066787824,2201.0,44.843253066787824
YYHYlh_Dubbo-Scan,0,0,0.0,0,1130.0,4104.0,21.589606419564387,5234.0,21.589606419564387
YeautyYE_train-ticket-reaper,112,3208,3.3734939759036147,3320,1326.0,1994.0,39.93975903614458,3320.0,39.93975903614458
Yirendai_cicada,0,18181,0.0,18181,0.0,0.0,0.0,0.0,0.0
Yorubaname_yorubaname-website,4477,14259,23.895175064047823,18736,0.0,0.0,0.0,0.0,23.895175064047823
YuJian95_hospital,0,0,0.0,0,12864.0,32988.0,28.055482857890606,45852.0,28.055482857890606
Yubico_java-u2flib-server,9114,1299,87.52520887352348,10413,0.0,0.0,0.0,0.0,87.52520887352348
YuboLong_MyLive,165,5387,2.9719020172910664,5552,0.0,0.0,0.0,0.0,2.9719020172910664
ZHENFENG13_perfect-ssm,0,0,0.0,0,0.0,0.0,0.0,0.0,0.0
ZHENFENG13_ssm-cluster,0,0,0.0,0,0.0,0.0,0.0,0.0,0.0
ZTO-Express_zms,0,91234,0.0,91234,0.0,0.0,0.0,0.0,0.0
ZWboy97_ffmpeg-web-pusher,0,0,0.0,0,0.0,1016.0,0.0,1016.0,0.0
Zealon159_book-ms-interface,0,0,0.0,0,5702.0,6553.0,46.52794777641779,12255.0,46.52794777641779
Zealon159_easy-notes,0,0,0.0,0,2771.0,3474.0,44.37149719775821,6245.0,44.37149719775821
Zealon159_light-reading-cloud,444,24887,1.7527930204097746,25331,0.0,0.0,0.0,0.0,1.7527930204097746
ZemelZhu_MMS,0,0,0.0,0,580.0,930.0,38.41059602649007,1510.0,38.41059602649007
ZeroWdd_Xiaomi,0,0,0.0,0,1682.0,3106.0,35.129490392648286,4788.0,35.129490392648286
ZeroWdd_studentmanager,160,6371,2.449854539886694,6531,2936.0,3595.0,44.95483080692084,6531.0,44.95483080692084
Zettelkasten-Team_Zettelkasten,5173,188762,2.6673885580220174,193935,0.0,0.0,0.0,0.0,2.6673885580220174
Zhuoyuan1_EasyDataBaseExport,0,0,0.0,0,0.0,0.0,0.0,0.0,0.0
Zhuoyuan1_navicat_password_decrypt,0,0,0.0,0,637.0,782.0,44.8907681465821,1419.0,44.8907681465821
Zihaoo_miaosha,0,0,0.0,0,1295.0,1168.0,52.57815671944783,2463.0,52.57815671944783
ZimoLoveShuang_DouYinVideoCrawler,0,0,0.0,0,75.0,200.0,27.27272727272727,275.0,27.27272727272727
ZimoLoveShuang_wisedu-unified-login-api,85,9622,0.8756567425569177,9707,85.0,9622.0,0.8756567425569177,9707.0,0.8756567425569177
a2888409_face2face,0,57148,0.0,57148,0.0,0.0,0.0,0.0,0.0
a616567126_GPT-WEB-JAVA,0,0,0.0,0,0.0,0.0,0.0,0.0,0.0
a6678696_PetHospital,0,0,0.0,0,6495.0,20977.0,23.64225393127548,27472.0,23.64225393127548
abahgat_suffixtree,1341,140,90.54692775151925,1481,1406.0,75.0,94.9358541525996,1481.0,94.9358541525996
abel533_ECharts,3255,21689,13.049230275817832,24944,9154.0,15790.0,36.698203976908275,24944.0,36.698203976908275
abel533_mapper-boot-starter,0,1272,0.0,1272,0.0,0.0,0.0,0.0,0.0
aboullaite_spring-boot-jwt,152,280,35.18518518518518,432,282.0,150.0,65.27777777777779,432.0,65.27777777777779
acenelio_spring-boot-ionic-backend,2012,4839,29.367975478032406,6851,4494.0,2357.0,65.59626331922347,6851.0,65.59626331922347
acloudyh_springCloud,0,2492,0.0,2492,0.0,0.0,0.0,0.0,0.0
acogoluegnes_Spring-Batch-Workshop,2310,1755,56.82656826568265,4065,0.0,0.0,0.0,0.0,56.82656826568265
actiontech_dble,38142,504011,7.035283397860013,542153,0.0,0.0,0.0,0.0,7.035283397860013
adamzareba_company-structure-spring-security-oauth2-authorities,0,0,0.0,0,534.0,460.0,53.72233400402414,994.0,53.72233400402414
addthis_stream-lib,11454,2375,82.82594547689638,13829,0.0,0.0,0.0,0.0,82.82594547689638
adlered_Picuang,330,2723,10.809040288241075,3053,0.0,0.0,0.0,0.0,10.809040288241075
adnovum_sonar-build-breaker,551,245,69.22110552763819,796,0.0,0.0,0.0,0.0,69.22110552763819
adrianmilne_esper-demo-nuclear,0,0,0.0,0,202.0,340.0,37.269372693726936,542.0,37.269372693726936
adyliu_idcenter,135,350,27.835051546391753,485,420.0,65.0,86.5979381443299,485.0,86.5979381443299
adyliu_zkclient,2197,1586,58.075601374570454,3783,2862.0,921.0,75.65424266455194,3783.0,75.65424266455194
agoncal_agoncal-application-petstore-ee6,0,0,0.0,0,0.0,0.0,0.0,0.0,0.0
aimmac23_selenium-video-node,1289,3466,27.10830704521556,4755,0.0,0.0,0.0,0.0,27.10830704521556
aizk_vua,0,40656,0.0,40656,0.0,0.0,0.0,0.0,0.0
akkumar_jreversepro,4930,16028,23.523236950090656,20958,0.0,0.0,0.0,0.0,23.523236950090656
alejandro-du_vaadin-microservices-demo,0,0,0.0,0,0.0,0.0,0.0,0.0,0.0
alexa_alexa-skills-kit-sdk-for-java,28860,14924,65.91448931116389,43784,0.0,0.0,0.0,0.0,65.91448931116389
alexcojocaru_elasticsearch-maven-plugin,2016,6841,22.761657446087842,8857,4774.0,4083.0,53.900869368860796,8857.0,53.900869368860796
alexec_docker-maven-plugin,0,1550,0.0,1550,635.0,915.0,40.96774193548387,1550.0,40.96774193548387
alexnederlof_Jasper-report-maven-plugin,550,285,65.86826347305389,835,550.0,285.0,65.86826347305389,835.0,65.86826347305389
alexvoronov_geonetworking,5185,6194,45.56639423499429,11379,0.0,0.0,0.0,0.0,45.56639423499429
algaworks_ebook-javaee,0,0,0.0,0,585.0,715.0,45.0,1300.0,45.0
aliakh_demo-spring-sse,0,954,0.0,954,0.0,0.0,0.0,0.0,0.0
alibaba_QLExpress,19053,3910,82.9726081086966,22963,0.0,0.0,0.0,0.0,82.9726081086966
alibaba_TProfiler,105,6962,1.4857789726899673,7067,0.0,0.0,0.0,0.0,1.4857789726899673
alibaba_compileflow,17123,13811,55.35333290230814,30934,0.0,0.0,0.0,0.0,55.35333290230814
alibaba_fastjson,123780,16785,88.0589051328567,140565,0.0,0.0,0.0,0.0,88.0589051328567
alibaba_fastjson2,2857707,529634,84.36431407407757,3387341,0.0,0.0,0.0,0.0,84.36431407407757
alibaba_jvm-sandbox,8827,19294,31.389353152448347,28121,0.0,0.0,0.0,0.0,31.389353152448347
alibaba_metrics,111543,192484,36.68851779611679,304027,0.0,0.0,0.0,0.0,36.68851779611679
alibaba_mpich2-yarn,430,9583,4.294417257565166,10013,0.0,0.0,0.0,0.0,4.294417257565166
alibaba_spring-context-support,4424,675,86.76211021768975,5099,4454.0,645.0,87.35046087468132,5099.0,87.35046087468132
alibaba_tamper,10091,1934,83.91683991683992,12025,10765.0,1260.0,89.52182952182952,12025.0,89.52182952182952
alibaba_velocity-spring-boot-project,3498,1628,68.24034334763948,5126,0.0,0.0,0.0,0.0,68.24034334763948
alimate_errors-spring-boot-starter,2322,1189,66.1350042722871,3511,2322.0,1189.0,66.1350042722871,3511.0,66.1350042722871
aliyun_alibabacloud-compute-nest-saas-boost,23353,29441,44.23419327953934,52794,0.0,0.0,0.0,0.0,44.23419327953934
aliyun_alibabacloud-microservice-demo,0,0,0.0,0,0.0,0.0,0.0,0.0,0.0
all4you_bitchat,1036,28137,3.5512288760154935,29173,7077.0,34245.0,17.126470161173224,41322.0,17.126470161173224
allegro_grunt-maven-plugin,170,1417,10.712035286704474,1587,755.0,832.0,47.57403906742282,1587.0,47.57403906742282
amaembo_huntbugs,199904,32046,86.18409139900841,231950,0.0,0.0,0.0,0.0,86.18409139900841
amazon-archives_amazon-kinesis-connectors,920,3357,21.510404489127893,4277,1920.0,2357.0,44.891278933832126,4277.0,44.891278933832126
amazon-archives_aws-apigateway-importer,2384,2375,50.09455768018491,4759,2629.0,2130.0,55.24269804580795,4759.0,55.24269804580795
amazon-archives_dynamodb-import-export-tool,30,2365,1.2526096033402923,2395,695.0,1700.0,29.018789144050107,2395.0,29.018789144050107
amazon-archives_ecs-mesos-scheduler-driver,0,0,0.0,0,25.0,1269.0,1.9319938176197835,1294.0,1.9319938176197835
ambition119_profilePlatform,120,2855,4.033613445378151,2975,2107.0,3843.0,35.411764705882355,5950.0,35.411764705882355
americanexpress_nodes,6480,60,99.08256880733946,6540,9980.0,2115.0,82.51343530384456,12095.0,99.08256880733946
amigoscode_spring-boot-essentials,181,130,58.19935691318327,311,296.0,15.0,95.17684887459808,311.0,95.17684887459808
amigoscode_spring-boot-security-course,50,42,54.347826086956516,92,50.0,42.0,54.347826086956516,92.0,54.347826086956516
amigoscode_spring-data-jpa-course,0,0,0.0,0,0.0,15.0,0.0,15.0,0.0
amihaiemil_docker-java-api,5037,676,88.16733765097146,5713,0.0,0.0,0.0,0.0,88.16733765097146
andriusvelykis_reflow-maven-skin,0,0,0.0,0,840.0,1280.0,39.62264150943396,2120.0,39.62264150943396
andygibson_datafactory,430,415,50.887573964497044,845,0.0,0.0,0.0,0.0,50.887573964497044
andylizi_haproxy-detector,210,2247,8.547008547008547,2457,210.0,2247.0,8.547008547008547,2457.0,8.547008547008547
angelozerr_jdt-codemining,0,29529,0.0,29529,0.0,0.0,0.0,0.0,0.0
anjia0532_unidbg-boot-server,0,0,0.0,0,0.0,0.0,0.0,0.0,0.0
anlingyi_xechat,0,2965,0.0,2965,1845.0,1120.0,62.22596964586846,2965.0,62.22596964586846
anomaly2104_cache-low-level-system-design,0,495,0.0,495,0.0,495.0,0.0,495.0,0.0
anomaly2104_chess-low-level-system-design,0,892,0.0,892,0.0,892.0,0.0,892.0,0.0
anomaly2104_lld-cab-booking-ola-uber-grab-lyft,749,60,92.58343634116193,809,749.0,60.0,92.58343634116193,809.0,92.58343634116193
anomaly2104_lld-parking-lot,1460,10,99.31972789115646,1470,0.0,0.0,0.0,0.0,99.31972789115646
anomaly2104_ticket-booking-low-level-system-design,0,1520,0.0,1520,0.0,1520.0,0.0,1520.0,0.0
ansitech_weixin4j,0,0,0.0,0,12615.0,9597.0,56.79362506753106,22212.0,56.79362506753106
anthonyu_KeptCollections,2761,1515,64.56969130028064,4276,2766.0,1510.0,64.6866230121609,4276.0,64.6866230121609
antkorwin_better-strings,734,35,95.44863459037711,769,0.0,0.0,0.0,0.0,95.44863459037711
antlr_antlrworks,5350,121022,4.233532744595322,126372,0.0,0.0,0.0,0.0,4.233532744595322
aolarchive_chronos,6488,14527,30.873185819652626,21015,0.0,0.0,0.0,0.0,30.873185819652626
apache_dubbo-rpc-jsonrpc,172,320,34.959349593495936,492,202.0,290.0,41.05691056910569,492.0,41.05691056910569
apache_incubator-nemo,183718,579181,24.081562565949096,762899,0.0,0.0,0.0,0.0,24.081562565949096
apache_maven-wrapper,2091,7248,22.389977513652426,9339,0.0,0.0,0.0,0.0,22.389977513652426
apache_oltu,0,0,0.0,0,0.0,0.0,0.0,0.0,0.0
apache_paimon-webui,0,30407,0.0,30407,0.0,0.0,0.0,0.0,0.0
apache_rocketmq-flink,4643,14545,24.197415051073587,19188,0.0,0.0,0.0,0.0,24.197415051073587
apache_servicecomb-pack,133188,248305,34.91230507506036,381493,0.0,0.0,0.0,0.0,34.91230507506036
apache_servicecomb-saga-actuator,46078,5043,90.13516949981417,51121,0.0,0.0,0.0,0.0,90.13516949981417
apache_servicecomb-toolkit,72402,34662,67.62497197937682,107064,0.0,0.0,0.0,0.0,67.62497197937682
apache_shardingsphere-elasticjob-example,0,2100,0.0,2100,0.0,0.0,0.0,0.0,0.0
apache_tiles,77299,19388,79.94766618056201,96687,0.0,0.0,0.0,0.0,79.94766618056201
apolloconfig_apollo-use-cases,0,0,0.0,0,0.0,0.0,0.0,0.0,0.0
archine_tools,0,0,0.0,0,4021.0,4763.0,45.776411657559194,8784.0,45.776411657559194
arey_java-object-mapper-benchmark,1549,2300,40.24421927773448,3849,1549.0,2300.0,40.24421927773448,3849.0,40.24421927773448
armzilla_amazon-echo-ha-bridge,275,1540,15.151515151515152,1815,0.0,0.0,0.0,0.0,15.151515151515152
arnaudroger_SimpleFlatMapper,0,0,0.0,0,0.0,0.0,0.0,0.0,0.0
arocketman_Spring-oauth2-jpa-example,310,141,68.73614190687361,451,0.0,0.0,0.0,0.0,68.73614190687361
artsok_rerunner-jupiter,1501,355,80.8728448275862,1856,1501.0,355.0,80.8728448275862,1856.0,80.8728448275862
ashinnotfound_ChatGPT-YourChatRobot,0,0,0.0,0,4216.0,826613.0,0.5074449736347673,830829.0,0.5074449736347673
astefanutti_metrics-aspectj,3068,3258,48.49826114448309,6326,0.0,0.0,0.0,0.0,48.49826114448309
ata4_disunity,14207,18782,43.065870441662376,32989,17530.0,27261.0,39.137326695095,44791.0,43.065870441662376
atomix_copycat,73916,56360,56.73800239491541,130276,0.0,0.0,0.0,0.0,56.73800239491541
audit4j_audit4j-core,6644,13047,33.74130313341121,19691,0.0,0.0,0.0,0.0,33.74130313341121
avthart_spring-boot-axon-sample,0,0,0.0,0,0.0,0.0,0.0,0.0,0.0
aws-cloudformation_cloudformation-template-schema,152,2928,4.935064935064935,3080,1249.0,1831.0,40.55194805194805,3080.0,40.55194805194805
aws_aws-dynamodb-encryption-java,14945,3189,82.41424947612221,18134,0.0,0.0,0.0,0.0,82.41424947612221
awslabs_amazon-kinesis-client,95353,41686,69.58092221922226,137039,0.0,0.0,0.0,0.0,69.58092221922226
awslabs_aws-codebuild-jenkins-plugin,2294,6927,24.877995878971912,9221,2294.0,6927.0,24.877995878971912,9221.0,24.877995878971912
awslabs_dynamodb-cross-region-library,455,1509,23.16700610997963,1964,0.0,0.0,0.0,0.0,23.16700610997963
awslabs_dynamodb-streams-kinesis-adapter,5642,5287,51.6241193155824,10929,0.0,0.0,0.0,0.0,51.6241193155824
awslabs_dynamodb-transactions,1655,6458,20.399359053371132,8113,0.0,0.0,0.0,0.0,20.399359053371132
bacen_pix-dict-quickstart,0,0,0.0,0,0.0,0.0,0.0,0.0,0.0
baichengzhou_SpringMVC-Mybatis-Shiro-redis-0.2,0,0,0.0,0,0.0,0.0,0.0,0.0,0.0
basho_riak-java-client,37686,141545,21.026496532407897,179231,0.0,0.0,0.0,0.0,21.026496532407897
battcn_extend-spring-boot,0,0,0.0,0,0.0,0.0,0.0,0.0,0.0
bbeck_token-bucket,280,95,74.66666666666667,375,0.0,0.0,0.0,0.0,74.66666666666667
bbhpgh_runscores,0,72344,0.0,72344,0.0,0.0,0.0,0.0,0.0
beanshell_beanshell,0,0,0.0,0,0.0,0.0,0.0,0.0,0.0
beckchr_staxon,71749,28865,71.31114954181326,100614,79063.0,41061.0,65.81782158436282,120124.0,71.31114954181326
bedatadriven_jackson-datatype-jts,1040,90,92.03539823008849,1130,0.0,0.0,0.0,0.0,92.03539823008849
bernardosulzbach_dungeon,8385,20554,28.97473997028232,28939,0.0,0.0,0.0,0.0,28.97473997028232
berndruecker_camunda-7-springboot-amqp-microservice-cloud-example,0,785,0.0,785,0.0,0.0,0.0,0.0,0.0
bh5k_spring_mvc_base,0,0,0.0,0,0.0,0.0,0.0,0.0,0.0
binarywang_WxJava,0,1348932,0.0,1348932,0.0,0.0,0.0,0.0,0.0
binghe001_mykit-serial,0,11306,0.0,11306,0.0,0.0,0.0,0.0,0.0
bitbrain_braingdx,14162,43088,24.73711790393013,57250,0.0,0.0,0.0,0.0,24.73711790393013
bitletorg_bitlet,776,8062,8.780267028739534,8838,0.0,0.0,0.0,0.0,8.780267028739534
bitletorg_weupnp,0,0,0.0,0,1190.0,1220.0,49.37759336099585,2410.0,49.37759336099585
bkielczewski_example-spring-boot-security,0,0,0.0,0,0.0,0.0,0.0,0.0,0.0
blackarbiter_Android_Code_Arbiter,35,28850,0.12117015752120479,28885,0.0,0.0,0.0,0.0,0.12117015752120479
bluedavy_McQueenRPC,0,9431,0.0,9431,0.0,0.0,0.0,0.0,0.0
bluejoe2008_elfinder-2.x-servlet,0,0,0.0,0,0.0,0.0,0.0,0.0,0.0
bluemapleman_NewsRecommendSystem,0,0,0.0,0,0.0,0.0,0.0,0.0,0.0
bnb-chain_java-sdk,14283,218665,6.131411302093171,232948,0.0,0.0,0.0,0.0,6.131411302093171
bobcarroll_jira-client,4444,9726,31.362032462949895,14170,0.0,0.0,0.0,0.0,31.362032462949895
bonnyfone_vectalign,2470,5177,32.30024846344972,7647,0.0,0.0,0.0,0.0,32.30024846344972
bramp_unsafe,5358,12181,30.549062090198987,17539,0.0,0.0,0.0,0.0,30.549062090198987
brandonborkholder_glg2d,0,0,0.0,0,0.0,0.0,0.0,0.0,0.0
branflake2267_GWT-Maps-V3-Api,0,57561,0.0,57561,0.0,0.0,0.0,0.0,0.0
brettwooldridge_HikariJSON,1785,655,73.15573770491804,2440,0.0,0.0,0.0,0.0,73.15573770491804
brettwooldridge_SansOrm,3710,1154,76.27467105263158,4864,0.0,0.0,0.0,0.0,76.27467105263158
brettwooldridge_SparseBitSet,1755,1685,51.01744186046512,3440,3245.0,195.0,94.3313953488372,3440.0,94.3313953488372
bsnyder_spring-jms-examples,0,1374,0.0,1374,0.0,0.0,0.0,0.0,0.0
bucharest-jug_dropwizard-todo,1188,573,67.46166950596252,1761,0.0,0.0,0.0,0.0,67.46166950596252
bupt1987_JgFramework,0,0,0.0,0,5723.0,7982.0,41.75848230572783,13705.0,41.75848230572783
butter-fly_belling-admin,0,0,0.0,0,0.0,0.0,0.0,0.0,0.0
c0ny1_captcha-killer,240,6818,3.4003967129498442,7058,2911.0,4147.0,41.243978464154154,7058.0,41.243978464154154
c0ny1_chunked-coding-converter,0,0,0.0,0,0.0,0.0,0.0,0.0,0.0
callicoder_spring-boot-actuator-demo,95,60,61.29032258064516,155,0.0,0.0,0.0,0.0,61.29032258064516
caozongpeng_SpringBootBlog,0,0,0.0,0,0.0,0.0,0.0,0.0,0.0
carrotsearch_smartsprites,4355,3780,53.5341118623233,8135,0.0,0.0,0.0,0.0,53.5341118623233
cas-projects_cas-sample-java-webapp,0,0,0.0,0,0.0,0.0,0.0,0.0,0.0
cassiomolin_jersey-jwt,1660,620,72.80701754385966,2280,2030.0,250.0,89.03508771929825,2280.0,89.03508771929825
castlabs_dashencrypt,862,12050,6.6759603469640645,12912,0.0,0.0,0.0,0.0,6.6759603469640645
cdk8s_sculptor-boot-generator,0,0,0.0,0,0.0,0.0,0.0,0.0,0.0
cgbystrom_netty-tools,1023,1582,39.27063339731286,2605,0.0,0.0,0.0,0.0,39.27063339731286
cglib_cglib,105987,27926,79.14616206044222,133913,0.0,0.0,0.0,0.0,79.14616206044222
chaitin_log4j2-vaccine,0,0,0.0,0,0.0,0.0,0.0,0.0,0.0
changmingxie_tcc-transaction,20988,313074,6.282666091923056,334062,0.0,0.0,0.0,0.0,6.282666091923056
chanjarster_spring-test-examples,215,75,74.13793103448276,290,0.0,0.0,0.0,0.0,74.13793103448276
chaosblade-io_chaosblade-box,0,271199,0.0,271199,0.0,0.0,0.0,0.0,0.0
charlienss_quartz-jpa,0,0,0.0,0,0.0,0.0,0.0,0.0,0.0
cheese10yun_spring-jpa-best-practices,2012,477,80.8356769787063,2489,0.0,0.0,0.0,0.0,80.8356769787063
chenrui-hu1_springcloud1-sample,0,225,0.0,225,0.0,0.0,0.0,0.0,0.0
chensheng_wechatty-project,814,18651,4.181864885692268,19465,0.0,0.0,0.0,0.0,4.181864885692268
chexagon_redis-session-manager,1652,3111,34.6840226747848,4763,0.0,0.0,0.0,0.0,34.6840226747848
chocotan_lolibox,547,4358,11.151885830784913,4905,0.0,0.0,0.0,0.0,11.151885830784913
chrisgleissner_spring-batch-rest,7496,1744,81.12554112554112,9240,0.0,0.0,0.0,0.0,81.12554112554112
citiususc_hipster,29872,30211,49.71789025181832,60083,0.0,0.0,0.0,0.0,49.71789025181832
clir_clearnlp,0,0,0.0,0,0.0,0.0,0.0,0.0,0.0
cn-src_aliyun-sms,176,1376,11.34020618556701,1552,0.0,0.0,0.0,0.0,11.34020618556701
code4craft_hello-design-pattern,1731,25,98.57630979498862,1756,1751.0,5.0,99.71526195899773,1756.0,99.71526195899773
coderzc_biubiu,0,7524,0.0,7524,2525.0,4999.0,33.559276980329614,7524.0,33.559276980329614
codethereforam_rent-X,0,14596,0.0,14596,0.0,0.0,0.0,0.0,0.0
codingapi_txlcn-demo,0,642,0.0,642,0.0,0.0,0.0,0.0,0.0
coi-gov-pl_spring-clean-architecture,3397,16938,16.70518809933612,20335,0.0,0.0,0.0,0.0,16.70518809933612
coinbase_coinbase-android-sdk,0,0,0.0,0,0.0,0.0,0.0,0.0,0.0
coolwill_qr-tunnel,0,2541,0.0,2541,0.0,0.0,0.0,0.0,0.0
copoile_springcloud-oauth2,0,0,0.0,0,0.0,0.0,0.0,0.0,0.0
core-lib_pigeon,5265,218893,2.3487896929844125,224158,0.0,0.0,0.0,0.0,2.3487896929844125
corretto_hotpatch-for-apache-log4j2,0,0,0.0,0,8447.0,19385.0,30.349956884162115,27832.0,30.349956884162115
cowtowncoder_low-gc-membuffers,6062,2320,72.32164161298019,8382,0.0,0.0,0.0,0.0,72.32164161298019
cr2121_spring,0,0,0.0,0,0.0,0.0,0.0,0.0,0.0
craigwblake_redline,9037,4884,64.91631348322679,13921,0.0,0.0,0.0,0.0,64.91631348322679
crossoverJie_distributed-redis-tool,625,220,73.96449704142012,845,0.0,0.0,0.0,0.0,73.96449704142012
csanuragjain_APKRepatcher,0,0,0.0,0,0.0,0.0,0.0,0.0,0.0
cstettler_ddd-to-the-code-workshop-sample,7325,4789,60.46722800066039,12114,0.0,0.0,0.0,0.0,60.46722800066039
ctco_cukes,19127,46840,28.994800430518293,65967,0.0,0.0,0.0,0.0,28.994800430518293
cternes_openkeepass,10528,1258,89.32631936195486,11786,11005.0,781.0,93.37349397590361,11786.0,93.37349397590361
ctripcorp_vi,0,98249,0.0,98249,0.0,0.0,0.0,0.0,0.0
cutting_trevni,19826,6057,76.598539581965,25883,0.0,0.0,0.0,0.0,76.598539581965
dangnianchuntian_springboot,0,0,0.0,0,0.0,0.0,0.0,0.0,0.0
dankurka_mgwt,1920,36457,5.002996586497121,38377,0.0,0.0,0.0,0.0,5.002996586497121
daoqidelv_community-ddd-demo,585,2226,20.8110992529349,2811,0.0,0.0,0.0,0.0,20.8110992529349
dashsaurabh_saga-pattern-axon-spring-boot-sample,0,0,0.0,0,0.0,0.0,0.0,0.0,0.0
dataArtisans_da-streamingledger,4310,5112,45.74400339630652,9422,0.0,0.0,0.0,0.0,45.74400339630652
dataArtisans_flink-dataflow,4709,21126,18.227211147667894,25835,0.0,0.0,0.0,0.0,18.227211147667894
davidmarquis_redis-scheduler,926,75,92.5074925074925,1001,946.0,55.0,94.5054945054945,1001.0,94.5054945054945
davidmoten_rxjava-extras,12863,6437,66.64766839378238,19300,0.0,0.0,0.0,0.0,66.64766839378238
davidmoten_rxjava-file,919,322,74.05318291700242,1241,0.0,0.0,0.0,0.0,74.05318291700242
davidmoten_rxjava2-extras,17517,1459,92.31134064080945,18976,0.0,0.0,0.0,0.0,92.31134064080945
dddplus_dddplus,20995,36633,36.43194280558062,57628,0.0,0.0,0.0,0.0,36.43194280558062
dddplus_dddplus-demo,0,6022,0.0,6022,0.0,0.0,0.0,0.0,0.0
ddean2009_learn-netty4,0,0,0.0,0,0.0,0.0,0.0,0.0,0.0
dearKundy_excel-utils,20,1026,1.9120458891013385,1046,0.0,0.0,0.0,0.0,1.9120458891013385
demoiselle_framework,14354,9443,60.318527545488934,23797,0.0,0.0,0.0,0.0,60.318527545488934
denghuichao_proxy-pool,0,3180,0.0,3180,0.0,0.0,0.0,0.0,0.0
depycode_fastjson-c3p0,10,30,25.0,40,0.0,0.0,0.0,0.0,25.0
depycode_fastjson-local-echo,10,30,25.0,40,0.0,0.0,0.0,0.0,25.0
derryx_elasticsearch-changes-plugin,0,0,0.0,0,0.0,0.0,0.0,0.0,0.0
devdcores_BookStoreApp-Distributed-Application,2663,12825,17.19395661157025,15488,0.0,0.0,0.0,0.0,17.19395661157025
devexperts_aprof,2531,62852,3.871036813850695,65383,0.0,0.0,0.0,0.0,3.871036813850695
dianbaer_grain,5027,25027,16.726558860717375,30054,0.0,0.0,0.0,0.0,16.726558860717375
didi_super-jacoco,0,0,0.0,0,0.0,0.0,0.0,0.0,0.0
diyhi_bbs,0,0,0.0,0,0.0,0.0,0.0,0.0,0.0
domeos_server,0,0,0.0,0,0.0,0.0,0.0,0.0,0.0
doudoutangs_4.person_system,0,0,0.0,0,0.0,0.0,0.0,0.0,0.0
dozycat_CEQA,0,0,0.0,0,0.0,0.0,0.0,0.0,0.0
dpaukov_combinatoricslib,5047,1042,82.88717359172277,6089,0.0,0.0,0.0,0.0,82.88717359172277
dpdearing_android-gps-emulator,0,0,0.0,0,0.0,0.0,0.0,0.0,0.0
dream-num_LuckysheetServer,0,12377,0.0,12377,0.0,0.0,0.0,0.0,0.0
dromara_cubic,0,22041,0.0,22041,0.0,0.0,0.0,0.0,0.0
dromara_distribute-transaction,0,0,0.0,0,0.0,0.0,0.0,0.0,0.0
dromara_hmily,0,204079,0.0,204079,0.0,0.0,0.0,0.0,0.0
drtshock_Potato,0,0,0.0,0,0.0,0.0,0.0,0.0,0.0
dschulten_hydra-java,28343,14745,65.77933531377646,43088,0.0,0.0,0.0,0.0,65.77933531377646
dsyer_sparklr-boot,130,15,89.65517241379311,145,0.0,0.0,0.0,0.0,89.65517241379311
dunwu_design,0,0,0.0,0,0.0,0.0,0.0,0.0,0.0
duxiaoman_AnyMock,0,30488,0.0,30488,0.0,0.0,0.0,0.0,0.0
dwt0317_Search_Adserver,0,0,0.0,0,0.0,0.0,0.0,0.0,0.0
e-gineering_gitflow-helper-maven-plugin,80,3632,2.1551724137931036,3712,0.0,0.0,0.0,0.0,2.1551724137931036
eacdy_light-security,0,0,0.0,0,0.0,0.0,0.0,0.0,0.0
eacdy_spring-cloud-wii,0,0,0.0,0,0.0,0.0,0.0,0.0,0.0
eacdy_spring-cloud-yes,0,2634,0.0,2634,0.0,0.0,0.0,0.0,0.0
easymock_objenesis,3638,7487,32.701123595505614,11125,0.0,0.0,0.0,0.0,32.701123595505614
ebnew_ki4so,10664,6506,62.10832847990682,17170,0.0,0.0,0.0,0.0,62.10832847990682
eclipse-jkube_jkube,335181,95418,77.84063595131433,430599,0.0,0.0,0.0,0.0,77.84063595131433
eclipse_microprofile-samples,0,0,0.0,0,0.0,0.0,0.0,0.0,0.0
ef-labs_vertx-jersey,49445,17367,74.00616655690595,66812,0.0,0.0,0.0,0.0,74.00616655690595
eguid_FFCH4J,0,0,0.0,0,0.0,0.0,0.0,0.0,0.0
egzosn_pay-java-parent,0,208384,0.0,208384,0.0,0.0,0.0,0.0,0.0
ehcache_sizeof,0,0,0.0,0,0.0,0.0,0.0,0.0,0.0
eiselems_spring-boot-microservices,0,0,0.0,0,0.0,0.0,0.0,0.0,0.0
eksopl_asagi,0,0,0.0,0,0.0,0.0,0.0,0.0,0.0
electronicarts_ea-agent-loader,275,4347,5.949805279099957,4622,0.0,0.0,0.0,0.0,5.949805279099957
epcdiy_timemachineplus,0,0,0.0,0,403.0,1753.0,18.692022263450838,2156.0,18.692022263450838
esastack_esa-restlight,205909,28671,87.77773041179981,234580,0.0,0.0,0.0,0.0,87.77773041179981
eshioji_trident-tutorial,0,0,0.0,0,0.0,0.0,0.0,0.0,0.0
eternity-oop_Woowahan-OO-01-object-reference,684,1544,30.700179533213646,2228,0.0,0.0,0.0,0.0,30.700179533213646
eternity-oop_Woowahan-OO-02-domain-service,823,1502,35.39784946236559,2325,1791.0,534.0,77.03225806451613,2325.0,77.03225806451613
eternity-oop_Woowahan-OO-03-domain-event,711,1775,28.600160901045857,2486,0.0,0.0,0.0,0.0,28.600160901045857
etsy_statsd-jvm-profiler,1346,1082,55.436573311367376,2428,0.0,0.0,0.0,0.0,55.436573311367376
everythingbest_dubbo-postman,368,6635,5.254890761102385,7003,0.0,0.0,0.0,0.0,5.254890761102385
evsinev_ber-tlv,1507,380,79.86221515633281,1887,0.0,0.0,0.0,0.0,79.86221515633281
exchange-core_exchange-core,12304,9689,55.945073432455786,21993,0.0,0.0,0.0,0.0,55.945073432455786
f-lab-edu_daangn-market-used-trading,1037,1799,36.56558533145275,2836,0.0,0.0,0.0,0.0,36.56558533145275
f-lab-edu_food-delivery,3908,7025,35.74499222537273,10933,0.0,0.0,0.0,0.0,35.74499222537273
fabriciocolombo_sonar-delphi,89646,58743,60.41283383539211,148389,0.0,0.0,0.0,0.0,60.41283383539211
fanchaoo_forum,110,3087,3.440725680325305,3197,0.0,0.0,0.0,0.0,3.440725680325305
fanchaoo_hahu,125,7173,1.7127980268566732,7298,2231.0,5067.0,30.570019183337898,7298.0,30.570019183337898
fangjian0423_rocketmq-binder-demo,0,0,0.0,0,0.0,0.0,0.0,0.0,0.0
farsunset_netty-http-server,0,0,0.0,0,397.0,896.0,30.703789636504254,1293.0,30.703789636504254
felizdevida_chat-box,0,1746,0.0,1746,0.0,0.0,0.0,0.0,0.0
feng-haitao_auto-excel,0,0,0.0,0,0.0,0.0,0.0,0.0,0.0
fengchangsheng_skeleton,0,0,0.0,0,0.0,0.0,0.0,0.0,0.0
fengjiachun_Jupiter,18821,363091,4.928098619577285,381912,0.0,0.0,0.0,0.0,4.928098619577285
fenixsoft_monolithic_arch_springboot,0,0,0.0,0,0.0,0.0,0.0,0.0,0.0
feroult_yawp,101414,64531,61.113019373888946,165945,0.0,0.0,0.0,0.0,61.113019373888946
finn-no_xss-html-filter,1227,90,93.16628701594533,1317,1227.0,90.0,93.16628701594533,1317.0,93.16628701594533
floodlight_floodlight,78152,149845,34.27764400408777,227997,0.0,0.0,0.0,0.0,34.27764400408777
flying-cattle_mybatis-dsc-generator,0,0,0.0,0,0.0,0.0,0.0,0.0,0.0
fmbenhassine_todolist-mvc,242,3278,6.875000000000001,3520,0.0,0.0,0.0,0.0,6.875000000000001
fommil_matrix-toolkits-java,22207,9555,69.91688180845034,31762,0.0,0.0,0.0,0.0,69.91688180845034
forezp_BootNettyRpc,0,0,0.0,0,0.0,0.0,0.0,0.0,0.0
forwardbob_AlpacaWebService,130,1547,7.751937984496124,1677,0.0,0.0,0.0,0.0,7.751937984496124
framiere_a-kafka-story,0,0,0.0,0,0.0,0.0,0.0,0.0,0.0
frohoff_inspector-gadget,0,0,0.0,0,0.0,592.0,0.0,592.0,0.0
funtl_MyShopPlus,0,37426,0.0,37426,0.0,0.0,0.0,0.0,0.0
fuzhengwei_itstack-demo-jvm,0,18269,0.0,18269,0.0,0.0,0.0,0.0,0.0
gaotingwang_ddd-demo,0,0,0.0,0,0.0,0.0,0.0,0.0,0.0
gaul_are-we-consistent-yet,455,360,55.828220858895705,815,0.0,0.0,0.0,0.0,55.828220858895705
gaussic_SpringMVCDemo,0,0,0.0,0,0.0,0.0,0.0,0.0,0.0
geekidea_spring-boot-assembly,0,0,0.0,0,0.0,0.0,0.0,0.0,0.0
geekyijun_seckill,0,0,0.0,0,0.0,0.0,0.0,0.0,0.0
geosolutions-it_geoserver-manager,6337,16294,28.0014139896602,22631,0.0,0.0,0.0,0.0,28.0014139896602
geosolutions-it_jai-ext,767108,1018949,42.94980507341031,1786057,0.0,0.0,0.0,0.0,42.94980507341031
ghillert_botanic-ng,1174,445,72.51389746757258,1619,0.0,0.0,0.0,0.0,72.51389746757258
giltene_PauselessHashMap,2495,300,89.26654740608228,2795,0.0,0.0,0.0,0.0,89.26654740608228
gitblit_iciql,2372,27543,7.929132542202908,29915,2372.0,27543.0,7.929132542202908,29915.0,7.929132542202908
github_maven-plugins,1630,1036,61.14028507126782,2666,0.0,0.0,0.0,0.0,61.14028507126782
githubofrico_RestSpringMVCDemo,0,0,0.0,0,0.0,0.0,0.0,0.0,0.0
gkopff_gson-jodatime-serialisers,715,55,92.85714285714286,770,0.0,0.0,0.0,0.0,92.85714285714286
gnanquanmama_pangolin,0,4848,0.0,4848,0.0,0.0,0.0,0.0,0.0
go-cqhttp_for-java,0,0,0.0,0,0.0,0.0,0.0,0.0,0.0
google_closure-stylesheets,58984,14215,80.58033579693712,73199,0.0,0.0,0.0,0.0,80.58033579693712
googleglass_mirror-quickstart-java,0,0,0.0,0,0.0,0.0,0.0,0.0,0.0
goxr3plus_java-google-speech-api,410,5018,7.553426676492263,5428,0.0,0.0,0.0,0.0,7.553426676492263
gpedro_slack-webhook,0,0,0.0,0,0.0,0.0,0.0,0.0,0.0
greengerong_prerender-java,867,310,73.66185216652507,1177,0.0,0.0,0.0,0.0,73.66185216652507
grumlimited_geocalc,640,60,91.42857142857143,700,680.0,20.0,97.14285714285714,700.0,97.14285714285714
gsh199449_spider,0,0,0.0,0,5585.0,7634.0,42.24979196610939,13219.0,42.24979196610939
gshaw-pivotal_spring-hexagonal-example,824,114,87.84648187633263,938,0.0,0.0,0.0,0.0,87.84648187633263
guanpengchn_java-concurrent-programming,0,0,0.0,0,0.0,0.0,0.0,0.0,0.0
gui66497_zzdj_dhcp,25,790,3.067484662576687,815,0.0,0.0,0.0,0.0,3.067484662576687
gujiniCY_mayday,0,0,0.0,0,0.0,0.0,0.0,0.0,0.0
guxingke_mini-jvm,8956,37834,19.14084206026929,46790,0.0,0.0,0.0,0.0,19.14084206026929
gwt-maven-plugin_gwt-maven-plugin,595,10855,5.1965065502183405,11450,0.0,0.0,0.0,0.0,5.1965065502183405
hacker-and-painter_database-doc-generator,10,2096,0.4748338081671415,2106,285.0,1821.0,13.532763532763534,2106.0,13.532763532763534
haixyyz_halo,3816,7705,33.1221248155542,11521,0.0,0.0,0.0,0.0,33.1221248155542
hankcs_TextRank,0,0,0.0,0,830.0,80.0,91.20879120879121,910.0,91.20879120879121
haohao1121_lli-drools,0,0,0.0,0,0.0,0.0,0.0,0.0,0.0
harry-xqb_rent-house,0,0,0.0,0,0.0,0.0,0.0,0.0,0.0
hazelcast_hazelcast-kubernetes,2402,1192,66.83361157484697,3594,0.0,0.0,0.0,0.0,66.83361157484697
hbaseinaction_twitbase,0,0,0.0,0,0.0,0.0,0.0,0.0,0.0
hbci4j_hbci4java,53925,253044,17.566920438220144,306969,0.0,0.0,0.0,0.0,17.566920438220144
he2121_MyRPCFromZero,0,0,0.0,0,0.0,0.0,0.0,0.0,0.0
heervisscher_htl-examples,0,2487,0.0,2487,0.0,0.0,0.0,0.0,0.0
helloflygit_springboot-quartz,305,2530,10.758377425044092,2835,1445.0,1390.0,50.970017636684304,2835.0,50.970017636684304
hellokaton_learn-java8,0,0,0.0,0,1721.0,7227.0,19.23334823424229,8948.0,19.23334823424229
hellokaton_profit,0,0,0.0,0,1091.0,1899.0,36.48829431438127,2990.0,36.48829431438127
hellokaton_wechat-api,0,0,0.0,0,0.0,0.0,0.0,0.0,0.0
hellokoding_registration-login-spring-hsql,0,0,0.0,0,0.0,0.0,0.0,0.0,0.0
hellokoding_registration-login-spring-xml-maven-jsp-mysql,0,0,0.0,0,0.0,0.0,0.0,0.0,0.0
henryyan_activiti-dry-cargo,1385,255,84.45121951219512,1640,0.0,0.0,0.0,0.0,84.45121951219512
heremaps_oksse,107,515,17.20257234726688,622,0.0,0.0,0.0,0.0,17.20257234726688
heyuxian_mcloud,0,341,0.0,341,0.0,0.0,0.0,0.0,0.0
hf200012_oceanus.bi,0,0,0.0,0,0.0,0.0,0.0,0.0,0.0
hh23485_record-nian-forever,0,0,0.0,0,0.0,0.0,0.0,0.0,0.0
highj_highj,84,35027,0.2392412634217197,35111,0.0,0.0,0.0,0.0,0.2392412634217197
highsource_jaxb2-basics,23443,125921,15.695214375619294,149364,0.0,0.0,0.0,0.0,15.695214375619294
hope-for_hope-cloud,170,60,73.91304347826086,230,0.0,0.0,0.0,0.0,73.91304347826086
horrorho_InflatableDonkey,3873,195175,1.9457618262931555,199048,38499.0,160549.0,19.34156585346248,199048.0,19.34156585346248
hotchemi_LruCache,230,150,60.526315789473685,380,305.0,75.0,80.26315789473685,380.0,80.26315789473685
houbb_sisyphus,2037,3988,33.809128630705395,6025,0.0,0.0,0.0,0.0,33.809128630705395
huanfenz_BookManager2,0,0,0.0,0,966.0,1165.0,45.330830595964336,2131.0,45.330830595964336
huanfenz_StudentManager,0,0,0.0,0,2702.0,3635.0,42.63847246331072,6337.0,42.63847246331072
huanzi-qch_base-admin,0,0,0.0,0,0.0,0.0,0.0,0.0,0.0
hufeiyaya_QyChat,0,0,0.0,0,0.0,0.0,0.0,0.0,0.0
hunter-ja_ddos,0,0,0.0,0,525.0,2449.0,17.652992602555482,2974.0,17.652992602555482
husthuke_trace4j,484,1928,20.066334991708125,2412,0.0,0.0,0.0,0.0,20.066334991708125
huststl_tmall_ssm,0,0,0.0,0,8010.0,6210.0,56.32911392405063,14220.0,56.32911392405063
hyback2u_sms,0,0,0.0,0,0.0,0.0,0.0,0.0,0.0
hypercube1024_firefly,258403,113205,69.53644700867581,371608,0.0,0.0,0.0,0.0,69.53644700867581
hyperledger-archives_quilt,228465,42146,84.42561462763894,270611,0.0,0.0,0.0,0.0,84.42561462763894
hzwy23_batch-scheduler,0,29939,0.0,29939,0.0,0.0,0.0,0.0,0.0
iNPUTmice_ComplianceTester,0,0,0.0,0,0.0,0.0,0.0,0.0,0.0
iamxiatian_xsimilarity,2785,14955,15.698985343855693,17740,0.0,0.0,0.0,0.0,15.698985343855693
idealista_format-preserving-encryption-java,1215,25,97.98387096774194,1240,0.0,0.0,0.0,0.0,97.98387096774194
iipc_openwayback,90689,245320,26.990050861732872,336009,0.0,0.0,0.0,0.0,26.990050861732872
imagej_imagej2,80,120,40.0,200,0.0,0.0,0.0,0.0,40.0
imalexyang_authManager,0,0,0.0,0,2712.0,4943.0,35.42782495101241,7655.0,35.42782495101241
immutables_immutables,76937,986749,7.233055619797573,1063686,0.0,0.0,0.0,0.0,7.233055619797573
imohsenb_ISO8583-Message-Client-java,1665,3015,35.57692307692308,4680,0.0,0.0,0.0,0.0,35.57692307692308
in28minutes_JavaWebApplicationStepByStep,0,0,0.0,0,0.0,0.0,0.0,0.0,0.0
in28minutes_MockitoIn28Minutes,444,2214,16.70428893905192,2658,0.0,0.0,0.0,0.0,16.70428893905192
in28minutes_SpringMvcStepByStep,0,0,0.0,0,0.0,0.0,0.0,0.0,0.0
in28minutes_azure-devops-kubernetes-terraform-pipeline,132,160,45.20547945205479,292,217.0,75.0,74.31506849315068,292.0,74.31506849315068
indeedeng_mph-table,3530,5668,38.37790824092194,9198,0.0,0.0,0.0,0.0,38.37790824092194
indvd00m_java-ascii-render,0,0,0.0,0,0.0,0.0,0.0,0.0,0.0
infochimps-labs_wonderdog,0,0,0.0,0,0.0,0.0,0.0,0.0,0.0
infowangxin_springmvc,0,0,0.0,0,0.0,0.0,0.0,0.0,0.0
inreachventures_aws-signing-request-interceptor,651,51,92.73504273504274,702,0.0,0.0,0.0,0.0,92.73504273504274
internetitem_logback-elasticsearch-appender,727,2046,26.217093400649116,2773,1338.0,1435.0,48.25099170573387,2773.0,48.25099170573387
intuit_benten,10221,23222,30.56244954101008,33443,18848.0,32478.0,36.72212913533102,51326.0,36.72212913533102
intuit_wasabi,323238,146258,68.84787090837835,469496,0.0,0.0,0.0,0.0,68.84787090837835
it-honghui_spring-cloud-gateway-oauth2,0,0,0.0,0,0.0,0.0,0.0,0.0,0.0
itinypocket_spring-boot-study,0,0,0.0,0,0.0,0.0,0.0,0.0,0.0
ivanhk_fastText_java,367,7617,4.596693386773547,7984,0.0,0.0,0.0,0.0,4.596693386773547
jReddit_jReddit,2615,4000,39.53136810279668,6615,4605.0,2010.0,69.61451247165533,6615.0,69.61451247165533
jacklightChen_ManageBooks,0,0,0.0,0,0.0,0.0,0.0,0.0,0.0
jackson-zb_microservice-scaffold,0,6170,0.0,6170,0.0,0.0,0.0,0.0,0.0
jahe_spring-boot-multiple-datasources,0,160,0.0,160,0.0,0.0,0.0,0.0,0.0
jahlborn_jackcess,54177,25533,67.96763266842302,79710,0.0,0.0,0.0,0.0,67.96763266842302
jahlborn_sqlbuilder,13997,2945,82.61716444339511,16942,0.0,0.0,0.0,0.0,82.61716444339511
jaiswaladi246_Ekart,295,806,26.793823796548594,1101,800.0,301.0,72.661217075386,1101.0,72.661217075386
jamesjieye_netty-socketio.spring,0,0,0.0,0,90.0,125.0,41.86046511627907,215.0,41.86046511627907
jamesmorgan_ReloadablePropertiesAnnotation,1492,250,85.64867967853043,1742,1602.0,140.0,91.96326061997704,1742.0,91.96326061997704
jankotek_JDBM3,10513,18396,36.365837628420216,28909,0.0,0.0,0.0,0.0,36.365837628420216
janvanbesien_java-ipv6,2385,400,85.63734290843806,2785,0.0,0.0,0.0,0.0,85.63734290843806
jasonTangxd_recommendSys,0,3792,0.0,3792,0.0,0.0,0.0,0.0,0.0
java-aodeng_hope-boot,115,6464,1.7479860161118712,6579,0.0,0.0,0.0,0.0,1.7479860161118712
javaee_security-soteria,5000,279816,1.7555193528453459,284816,0.0,0.0,0.0,0.0,1.7555193528453459
javaee_servlet-spec,0,0,0.0,0,0.0,0.0,0.0,0.0,0.0
javaswift_joss,0,15815,0.0,15815,0.0,15815.0,0.0,15815.0,0.0
jbarrez_spring-boot-with-activiti-example,0,202,0.0,202,0.0,0.0,0.0,0.0,0.0
jclagache_spring-data-mybatis,535,125,81.06060606060606,660,570.0,90.0,86.36363636363636,660.0,86.36363636363636
jd-tiger_binlake,0,275387,0.0,275387,0.0,0.0,0.0,0.0,0.0
jdbc-observations_datasource-proxy,11820,7636,60.75246710526315,19456,14969.0,4487.0,76.93770559210526,19456.0,76.93770559210526
jenkinsci_artifactory-plugin,0,0,0.0,0,0.0,0.0,0.0,0.0,0.0
jenkinsci_docker-slaves-plugin,0,5213,0.0,5213,0.0,0.0,0.0,0.0,0.0
jenkinsci_ghprb-plugin,0,0,0.0,0,0.0,0.0,0.0,0.0,0.0
jenkinsci_java-client-api,5333,29929,15.123929442459305,35262,0.0,0.0,0.0,0.0,15.123929442459305
jenkinsci_kubernetes-cd-plugin,13552,11098,54.97768762677485,24650,0.0,0.0,0.0,0.0,54.97768762677485
jetlinks_device-simulator,0,19898,0.0,19898,0.0,0.0,0.0,0.0,0.0
jewes_gchisto,0,0,0.0,0,0.0,0.0,0.0,0.0,0.0
jgribonvald_demo-spring-security-cas,0,0,0.0,0,0.0,0.0,0.0,0.0,0.0
jhades_jhades,2248,3932,36.37540453074434,6180,0.0,0.0,0.0,0.0,36.37540453074434
jhalterman_concurrentunit,345,330,51.11111111111111,675,0.0,0.0,0.0,0.0,51.11111111111111
jili20_yeb,0,5222,0.0,5222,0.0,0.0,0.0,0.0,0.0
jingwei_cleo-primer,0,0,0.0,0,0.0,0.0,0.0,0.0,0.0
jirutka_rsql-parser,3361,1647,67.1126198083067,5008,0.0,0.0,0.0,0.0,67.1126198083067
jirutka_spring-rest-exception-handler,1719,126,93.17073170731707,1845,0.0,0.0,0.0,0.0,93.17073170731707
jirutka_validator-spring,90,260,25.71428571428571,350,0.0,0.0,0.0,0.0,25.71428571428571
jitwxs_Online_Study_System,0,0,0.0,0,6050.0,4110.0,59.54724409448819,10160.0,59.54724409448819
jitwxs_express-ssm,0,0,0.0,0,2980.0,3270.0,47.68,6250.0,47.68
jkrasnay_sqlbuilder,3080,2448,55.7163531114327,5528,4688.0,840.0,84.80463096960926,5528.0,84.80463096960926
jleetutorial_maven-project,15,0,100.0,15,0.0,0.0,0.0,0.0,100.0
jline_jline2,13760,6806,66.90654478265098,20566,0.0,0.0,0.0,0.0,66.90654478265098
jmacglashan_burlap,8130,91600,8.152010428156022,99730,0.0,0.0,0.0,0.0,8.152010428156022
jnasmartcardio_jnasmartcardio,0,0,0.0,0,0.0,0.0,0.0,0.0,0.0
jnidzwetzki_crypto-bot,713,6478,9.915171742455847,7191,0.0,0.0,0.0,0.0,9.915171742455847
joelittlejohn_jsonschema2pojo,19583,74441,20.827661022717603,94024,0.0,0.0,0.0,0.0,20.827661022717603
joggle-cn_joggle,0,57182,0.0,57182,0.0,0.0,0.0,0.0,0.0
johannburkard_StringSearch,2642,410,86.56618610747051,3052,0.0,0.0,0.0,0.0,86.56618610747051
jorabin_KeePassJava2,50157,20848,70.63868741637913,71005,0.0,0.0,0.0,0.0,70.63868741637913
jparsec_jparsec,30743,1331,95.85022136309783,32074,0.0,0.0,0.0,0.0,95.85022136309783
jprante_elasticsearch-transport-websocket,3700,10221,26.578550391494865,13921,0.0,0.0,0.0,0.0,26.578550391494865
jsflive_jsf22-examples,0,0,0.0,0,0.0,0.0,0.0,0.0,0.0
jsnjfz_WebStack-Guns,0,0,0.0,0,0.0,0.0,0.0,0.0,0.0
juejin-wuyang_memberclub,30238,199182,13.180193531514254,229420,0.0,0.0,0.0,0.0,13.180193531514254
julienchastang_charts4j,11830,2236,84.10351201478743,14066,0.0,0.0,0.0,0.0,84.10351201478743
junkdog_artemis-odb,228043,156591,59.28831044577443,384634,0.0,0.0,0.0,0.0,59.28831044577443
junwei-wang_cpabe,0,3780,0.0,3780,0.0,3780.0,0.0,3780.0,0.0
justauth_JustAuth-demo,0,0,0.0,0,0.0,0.0,0.0,0.0,0.0
justauth_justauth-spring-boot-starter,0,0,0.0,0,0.0,0.0,0.0,0.0,0.0
justinbaby_seckill-demo,0,1704,0.0,1704,0.0,0.0,0.0,0.0,0.0
justlive1_earth-frost,50,13013,0.38276046849881346,13063,0.0,0.0,0.0,0.0,0.38276046849881346
jwpttcg66_NettyGameServer,0,158311,0.0,158311,0.0,0.0,0.0,0.0,0.0
jyong-zhu_sigma,273,17088,1.5724900639364092,17361,0.0,0.0,0.0,0.0,1.5724900639364092
k33ptoo_KControls,0,2251,0.0,2251,0.0,0.0,0.0,0.0,0.0
kN6jq_gatherBurp,0,0,0.0,0,0.0,0.0,0.0,0.0,0.0
kakawait_cas-security-spring-boot-starter,0,7979,0.0,7979,0.0,0.0,0.0,0.0,0.0
kanyun-inc_ytk-learn,0,0,0.0,0,0.0,0.0,0.0,0.0,0.0
kanyun-inc_ytk-mp4j,570,71985,0.7856109158569361,72555,0.0,0.0,0.0,0.0,0.7856109158569361
kayahr_pherialize,2040,450,81.92771084337349,2490,0.0,0.0,0.0,0.0,81.92771084337349
kbastani_graphify,0,0,0.0,0,0.0,0.0,0.0,0.0,0.0
keedio_flume-ng-sql-source,530,1045,33.65079365079365,1575,0.0,0.0,0.0,0.0,33.65079365079365
keepcosmos_beanmother,28000,4464,86.24938393297191,32464,31530.0,7578.0,80.62289045719547,39108.0,86.24938393297191
keepmoving1573_springboot-multiple-dataSources,0,0,0.0,0,0.0,0.0,0.0,0.0,0.0
keesun_inflearn-the-java-test,0,262,0.0,262,0.0,262.0,0.0,262.0,0.0
keets2012_Auth-service,76,5061,1.479462721432743,5137,0.0,0.0,0.0,0.0,1.479462721432743
keets2012_microservice-integration,0,0,0.0,0,0.0,0.0,0.0,0.0,0.0
keikai_keikai,0,278337,0.0,278337,0.0,0.0,0.0,0.0,0.0
kevinma2010_jfinal-api-scaffold,0,0,0.0,0,0.0,0.0,0.0,0.0,0.0
kevinsawicki_http-request,0,0,0.0,0,3907.0,3165.0,55.246040723981906,7072.0,55.246040723981906
khjxiaogu_MiraiSongPlugin,0,0,0.0,0,0.0,0.0,0.0,0.0,0.0
khoubyari_spring-boot-rest-example,420,170,71.1864406779661,590,535.0,55.0,90.67796610169492,590.0,90.67796610169492
khuxtable_seaglass,0,85605,0.0,85605,10796.0,74809.0,12.611412884761405,85605.0,12.611412884761405
kiegroup_droolscourse,6432,12128,34.6551724137931,18560,0.0,0.0,0.0,0.0,34.6551724137931
kishorebhatia_pipeline-as-code-demo,0,0,0.0,0,0.0,0.0,0.0,0.0,0.0
kmood_officeexport-java,0,0,0.0,0,0.0,0.0,0.0,0.0,0.0
kobeyk_SpringBoot-DesignMode,0,0,0.0,0,0.0,0.0,0.0,0.0,0.0
kohsuke_wordnet-random-name,155,20,88.57142857142857,175,0.0,0.0,0.0,0.0,88.57142857142857
koraktor_steam-condenser-java,3786,9565,28.35742641000674,13351,0.0,0.0,0.0,0.0,28.35742641000674
koushikkothagal_spring-boot-security,95,25,79.16666666666666,120,0.0,0.0,0.0,0.0,79.16666666666666
koushikkothagal_spring-security-jwt,90,290,23.684210526315788,380,0.0,0.0,0.0,0.0,23.684210526315788
kpelykh_docker-java,0,0,0.0,0,0.0,0.0,0.0,0.0,0.0
kristofa_mock-http-server,4222,635,86.92608606135475,4857,0.0,0.0,0.0,0.0,86.92608606135475
ksprojects_zkcopy,455,895,33.7037037037037,1350,1050.0,300.0,77.77777777777779,1350.0,77.77777777777779
kstyrc_embedded-redis,1205,1266,48.76568191015783,2471,0.0,0.0,0.0,0.0,48.76568191015783
lagodiuk_genetic-algorithm,350,327,51.698670605612996,677,0.0,0.0,0.0,0.0,51.698670605612996
lalajun_RMIDeserialize,0,0,0.0,0,0.0,0.0,0.0,0.0,0.0
larsga_Duke,181454,90540,66.71250101105171,271994,0.0,0.0,0.0,0.0,66.71250101105171
lastwhispers_permission,0,0,0.0,0,0.0,0.0,0.0,0.0,0.0
laubrence_minchat,0,0,0.0,0,1500.0,2070.0,42.016806722689076,3570.0,42.016806722689076
lbehnke_hierarchical-clustering-java,1210,2025,37.403400309119014,3235,0.0,0.0,0.0,0.0,37.403400309119014
leanstacks_spring-boot-fundamentals,435,1143,27.566539923954377,1578,0.0,0.0,0.0,0.0,27.566539923954377
leechenxiang_imooc-springboot-wxlogin,0,0,0.0,0,0.0,0.0,0.0,0.0,0.0
leelovejava_cloud2020,0,1602,0.0,1602,0.0,0.0,0.0,0.0,0.0
lejon_T-SNE-Java,0,0,0.0,0,0.0,0.0,0.0,0.0,0.0
lexburner_oauth2-demo,0,0,0.0,0,0.0,0.0,0.0,0.0,0.0
lgb020_diancan,0,0,0.0,0,0.0,0.0,0.0,0.0,0.0
lhazlewood_apache-shiro-tutorial-webapp,0,0,0.0,0,0.0,0.0,0.0,0.0,0.0
li571312729_classfinal,0,15098,0.0,15098,0.0,0.0,0.0,0.0,0.0
liangtengyu_to_markdown,190,3674,4.917184265010352,3864,0.0,0.0,0.0,0.0,4.917184265010352
liangyanghe_letv-payorder,0,0,0.0,0,0.0,0.0,0.0,0.0,0.0
liaochong_myexcel,0,26152,0.0,26152,0.0,0.0,0.0,0.0,0.0
liaohuqiu_android-GridViewWithHeaderAndFooter,0,0,0.0,0,0.0,0.0,0.0,0.0,0.0
libaibaia_cloudSec,0,0,0.0,0,0.0,0.0,0.0,0.0,0.0
lihengming_java-codes,0,0,0.0,0,0.0,0.0,0.0,0.0,0.0
lingfengsan_MillionHero,0,0,0.0,0,0.0,0.0,0.0,0.0,0.0
linkedin_ml-ease,0,0,0.0,0,0.0,0.0,0.0,0.0,0.0
linux-china_plantuml-gist,70,3240,2.1148036253776437,3310,0.0,0.0,0.0,0.0,2.1148036253776437
linux-china_weixin-robot-java,0,1166,0.0,1166,0.0,0.0,0.0,0.0,0.0
linxin26_kafka-monitor,0,10545,0.0,10545,0.0,0.0,0.0,0.0,0.0
linycha_sell,0,0,0.0,0,0.0,0.0,0.0,0.0,0.0
lishuo9527_MybatisGenerator-UI,40,640,5.88235294117647,680,0.0,0.0,0.0,0.0,5.88235294117647
littlersmall_rabbitmq-access,0,0,0.0,0,0.0,0.0,0.0,0.0,0.0
liusCoding_springcloud-2020,0,1824,0.0,1824,0.0,0.0,0.0,0.0,0.0
liuweijw_fw-cloud-framework,0,7361,0.0,7361,0.0,0.0,0.0,0.0,0.0
liuxx-u_bird-java,764,64229,1.17551120889942,64993,0.0,0.0,0.0,0.0,1.17551120889942
liuyueyi_quick-alarm,12029,6062,66.49162567022276,18091,0.0,0.0,0.0,0.0,66.49162567022276
livingsocial_HiveSwarm,0,0,0.0,0,0.0,0.0,0.0,0.0,0.0
lizhongyue248_spring-security-oauth2-demo,0,350,0.0,350,0.0,0.0,0.0,0.0,0.0
lizibin_black-shop,0,40561,0.0,40561,0.0,0.0,0.0,0.0,0.0
locationtech_spatial4j,15852,3196,83.22133557328854,19048,0.0,0.0,0.0,0.0,83.22133557328854
logonod_spring-cloud-ai-music,0,3837,0.0,3837,0.0,0.0,0.0,0.0,0.0
logstash_log4j-jsonevent-layout,645,50,92.80575539568345,695,0.0,0.0,0.0,0.0,92.80575539568345
longbig_multi_function_github,0,0,0.0,0,0.0,0.0,0.0,0.0,0.0
lorateam_Gotrip,0,0,0.0,0,8101.0,5660.0,58.86926822178621,13761.0,58.86926822178621
loveurwish_RuleEngineByGroovy,5,740,0.6711409395973155,745,0.0,0.0,0.0,0.0,0.6711409395973155
lrwinx_shop,0,3291,0.0,3291,0.0,0.0,0.0,0.0,0.0
luorongxi_iot-modbus,0,14903,0.0,14903,0.0,0.0,0.0,0.0,0.0
lvr1997_kd-second-hand-workshop,0,0,0.0,0,4225.0,6715.0,38.61974405850091,10940.0,38.61974405850091
lvyahui8_spring-boot-data-aggregator,668,2972,18.35164835164835,3640,0.0,0.0,0.0,0.0,18.35164835164835
m-reza-rahman_javaee-javascript,0,0,0.0,0,0.0,0.0,0.0,0.0,0.0
madvirus_ddd-start,0,0,0.0,0,0.0,0.0,0.0,0.0,0.0
magro_kryo-serializers,5266,830,86.38451443569554,6096,0.0,0.0,0.0,0.0,86.38451443569554
maihaoche_rocketmq-spring-boot-starter,855,2790,23.456790123456788,3645,0.0,0.0,0.0,0.0,23.456790123456788
mainpropath_AI-java,0,2583,0.0,2583,0.0,0.0,0.0,0.0,0.0
making_rsc,1954,3129,38.44186504033051,5083,0.0,0.0,0.0,0.0,38.44186504033051
malensek_jbsdiff,0,0,0.0,0,0.0,0.0,0.0,0.0,0.0
maliangnansheng_bbs-springboot,0,26279,0.0,26279,0.0,0.0,0.0,0.0,0.0
mangstadt_biweekly,42987,16847,71.84376775746232,59834,0.0,0.0,0.0,0.0,71.84376775746232
mangstadt_ez-vcard,30768,12281,71.47204348533067,43049,0.0,0.0,0.0,0.0,71.47204348533067
manuelbua_libgdx-contribs,0,666,0.0,666,0.0,0.0,0.0,0.0,0.0
marcosbarbero_spring-boot2-oauth2-jwt,0,0,0.0,0,0.0,0.0,0.0,0.0,0.0
marcosbarbero_spring-cloud-zuul-ratelimit,1110,4608,19.412381951731376,5718,0.0,0.0,0.0,0.0,19.412381951731376
martin-chips_DimpleBlog,621,99821,0.6182672587164731,100442,0.0,0.0,0.0,0.0,0.6182672587164731
marvinSpring_spring-boot-starter-calma,0,3629,0.0,3629,0.0,0.0,0.0,0.0,0.0
mattweber_elasticsearch-mocksolrplugin,0,3641,0.0,3641,0.0,3641.0,0.0,3641.0,0.0
maxmind_geoip-api-java,2543,29300,7.986056590145401,31843,2703.0,29140.0,8.488521810130955,31843.0,8.488521810130955
mbechler_serianalyzer,0,0,0.0,0,0.0,0.0,0.0,0.0,0.0
mbosecke_template-benchmark,718,10535,6.380520750022216,11253,1873.0,9380.0,16.644450368790544,11253.0,16.644450368790544
mboudreau_Alternator,26970,21374,55.7876882343207,48344,0.0,0.0,0.0,0.0,55.7876882343207
mcxiaoke_android-volley,0,0,0.0,0,0.0,0.0,0.0,0.0,0.0
medallia_Word2VecJava,4320,3470,55.45571245186136,7790,0.0,0.0,0.0,0.0,55.45571245186136
megagao_production_ssm,0,0,0.0,0,15895.0,48465.0,24.697016780609076,64360.0,24.697016780609076
meixuesong_aggregate-persistence,2060,625,76.72253258845437,2685,2230.0,455.0,83.05400372439479,2685.0,83.05400372439479
menacher_nerdronix,0,320,0.0,320,0.0,0.0,0.0,0.0,0.0
merapar_graphql-spring-boot-starter,1764,46,97.45856353591161,1810,0.0,0.0,0.0,0.0,97.45856353591161
merua0oo0_im,0,1746,0.0,1746,0.0,0.0,0.0,0.0,0.0
mesos_hadoop,0,0,0.0,0,0.0,0.0,0.0,0.0,0.0
mesos_storm,3718,3864,49.03719335267739,7582,0.0,0.0,0.0,0.0,49.03719335267739
messenger4j_messenger4j,9372,1786,83.9935472306865,11158,0.0,0.0,0.0,0.0,83.9935472306865
michaelisvy_hibernate-4-spring-3.1-samples,155,415,27.192982456140353,570,155.0,415.0,27.192982456140353,570.0,27.192982456140353
mikuhuyo_wanxin-p2p,0,22895,0.0,22895,0.0,0.0,0.0,0.0,0.0
mirromutth_r2dbc-mysql,14598,21893,40.00438464278863,36491,0.0,0.0,0.0,0.0,40.00438464278863
miyakowork_NoteBlog,0,0,0.0,0,0.0,0.0,0.0,0.0,0.0
modelmapper_modelmapper,203255,35716,85.05425344497868,238971,0.0,0.0,0.0,0.0,85.05425344497868
momosecurity_mosec-maven-plugin,440,1581,21.77140029688273,2021,1210.0,811.0,59.871350816427515,2021.0,59.871350816427515
momosecurity_rhizobia_J,4680,4286,52.197189382110196,8966,6693.0,2273.0,74.64867276377426,8966.0,74.64867276377426
mongobee_mongobee,1405,456,75.4970445996776,1861,0.0,0.0,0.0,0.0,75.4970445996776
monitorjbl_excel-streaming-reader,1628,3152,34.05857740585774,4780,0.0,0.0,0.0,0.0,34.05857740585774
monitorjbl_json-view,0,0,0.0,0,0.0,0.0,0.0,0.0,0.0
mortennobel_java-image-scaling,866,3614,19.330357142857142,4480,1676.0,2804.0,37.410714285714285,4480.0,37.410714285714285
moshowgame_spring-cloud-study,0,0,0.0,0,0.0,0.0,0.0,0.0,0.0
mostafacs_ecommerce-microservices-spring-reactive-webflux,0,625,0.0,625,0.0,0.0,0.0,0.0,0.0
moxi624_mogu_blog_v2,0,126423,0.0,126423,0.0,0.0,0.0,0.0,0.0
mozack_abra2,6301,27423,18.684023247538846,33724,0.0,0.0,0.0,0.0,18.684023247538846
mp911de_CleanArchitecture,1964,1400,58.38287752675386,3364,0.0,0.0,0.0,0.0,58.38287752675386
mp911de_logstash-gelf,12809,3573,78.1894762544256,16382,0.0,0.0,0.0,0.0,78.1894762544256
mpatric_mp3agic,11579,2176,84.18029807342783,13755,0.0,0.0,0.0,0.0,84.18029807342783
mpilone_hazelcastmq,2556,40225,5.9746148991374675,42781,0.0,0.0,0.0,0.0,5.9746148991374675
mraible_jhipster5-demo,0,0,0.0,0,0.0,0.0,0.0,0.0,0.0
mrwilson_java-dirty,44,1237,3.434816549570648,1281,0.0,0.0,0.0,0.0,3.434816549570648
msanez_sonar-branch-community,766,11,98.58429858429858,777,0.0,0.0,0.0,0.0,98.58429858429858
mschonaker_wagon-git,0,0,0.0,0,0.0,0.0,0.0,0.0,0.0
mtcarpenter_mall-cloud-alibaba,0,329501,0.0,329501,0.0,0.0,0.0,0.0,0.0
mtedone_podam,0,0,0.0,0,0.0,0.0,0.0,0.0,0.0
mthizo247_spring-cloud-netflix-zuul-websocket,350,2364,12.896094325718495,2714,0.0,0.0,0.0,0.0,12.896094325718495
muyinchen_migo-security,0,24021,0.0,24021,0.0,0.0,0.0,0.0,0.0
myrrix_myrrix-recommender,0,83648,0.0,83648,0.0,0.0,0.0,0.0,0.0
naveenanimation20_CucumberSeleniumFramework,0,0,0.0,0,0.0,0.0,0.0,0.0,0.0
naver_lucy-xss-servlet-filter,1275,80,94.0959409594096,1355,0.0,0.0,0.0,0.0,94.0959409594096
neoremind_easy-mapper,5426,2920,65.01317996645099,8346,0.0,0.0,0.0,0.0,65.01317996645099
neuland_spring-jade4j,35,445,7.291666666666667,480,0.0,0.0,0.0,0.0,7.291666666666667
nikfoundas_etcd-viewer,3383,4083,45.31208143584249,7466,0.0,0.0,0.0,0.0,45.31208143584249
niziming_tripweb,0,4313,0.0,4313,0.0,0.0,0.0,0.0,0.0
nmyphp_tbschedule,572,36329,1.550093493401263,36901,0.0,0.0,0.0,0.0,1.550093493401263
no1xuan_HivisionIDPhotos-wechat-weapp,0,0,0.0,0,0.0,6591.0,0.0,6591.0,0.0
nosqlcoco_springboot-weapp-demo,15,3570,0.41841004184100417,3585,0.0,0.0,0.0,0.0,0.41841004184100417
nurkiewicz_typeof,370,15,96.1038961038961,385,0.0,0.0,0.0,0.0,96.1038961038961
nydiarra_springboot-jwt,415,163,71.79930795847751,578,0.0,0.0,0.0,0.0,71.79930795847751
octo-technology_sonar-objective-c,1225,2224,35.51754131632357,3449,0.0,0.0,0.0,0.0,35.51754131632357
odrotbohm_rest-microservices,122,335,26.695842450765866,457,0.0,0.0,0.0,0.0,26.695842450765866
odrotbohm_whoops-architecture,640,615,50.99601593625498,1255,0.0,0.0,0.0,0.0,50.99601593625498
oldmanpushcart_greys-anatomy,0,22595,0.0,22595,0.0,0.0,0.0,0.0,0.0
open-snail_plumemo,0,0,0.0,0,4869.0,9028.0,35.03633877815356,13897.0,35.03633877815356
opendatalab-de_geojson-jackson,1272,505,71.58131682611142,1777,1552.0,225.0,87.33821046707935,1777.0,87.33821046707935
openskynetwork_java-adsb,1135,10535,9.725792630676949,11670,0.0,0.0,0.0,0.0,9.725792630676949
organicveggie_metrics-statsd,620,260,70.45454545454545,880,0.0,0.0,0.0,0.0,70.45454545454545
osopromadze_Spring-Boot-Blog-REST-API,410,5803,6.599066473523258,6213,0.0,0.0,0.0,0.0,6.599066473523258
ostenant_spring-cloud-starter-thrift,0,0,0.0,0,0.0,0.0,0.0,0.0,0.0
othorizon_spring-best-practices,1757,13476,11.534169237838903,15233,0.0,0.0,0.0,0.0,11.534169237838903
pairlearning_expense-tracker-api,140,1395,9.120521172638437,1535,0.0,0.0,0.0,0.0,9.120521172638437
paulhoule_infovore,15949,24089,39.83465707577801,40038,0.0,0.0,0.0,0.0,39.83465707577801
pdudits_soundlibs,0,149270,0.0,149270,0.0,0.0,0.0,0.0,0.0
penberg_falcon,0,1344,0.0,1344,0.0,0.0,0.0,0.0,0.0
penghaiping_amazon-sp-api,0,0,0.0,0,0.0,0.0,0.0,0.0,0.0
perwendel_spark,10772,4772,69.30005146680391,15544,0.0,0.0,0.0,0.0,69.30005146680391
perwendel_spark-template-engines,0,0,0.0,0,0.0,0.0,0.0,0.0,0.0
perye_dokit,0,0,0.0,0,0.0,0.0,0.0,0.0,0.0
pfmiles_dropincc.java,10537,2186,82.81851764520947,12723,0.0,0.0,0.0,0.0,82.81851764520947
philipsorst_angular-rest-springsecurity,0,0,0.0,0,0.0,0.0,0.0,0.0,0.0
philwebb_testing-spring-boot-applications,420,40,91.30434782608695,460,435.0,25.0,94.56521739130434,460.0,94.56521739130434
pingfangushi_screw,0,24884,0.0,24884,0.0,0.0,0.0,0.0,0.0
pinkhello_gopush,0,8654,0.0,8654,0.0,0.0,0.0,0.0,0.0
piomin_sample-spring-microservices,0,0,0.0,0,563.0,110.0,83.6552748885587,673.0,83.6552748885587
pires_obd-java-api,2250,2481,47.558655675332915,4731,0.0,0.0,0.0,0.0,47.558655675332915
pivotalsoftware_ESarch,6895,2620,72.46452968996321,9515,0.0,0.0,0.0,0.0,72.46452968996321
playframework_netty-reactive-streams,4542,978,82.28260869565217,5520,0.0,0.0,0.0,0.0,82.28260869565217
pmlopes_yoke,0,484579,0.0,484579,0.0,0.0,0.0,0.0,0.0
ponfee_commons-core,580,108477,0.5318319777730911,109057,0.0,0.0,0.0,0.0,0.5318319777730911
posicks_mdnsjava,16137,20261,44.3348535633826,36398,0.0,0.0,0.0,0.0,44.3348535633826
potats0_shiroPoc,0,0,0.0,0,0.0,0.0,0.0,0.0,0.0
ppat_storm-rabbitmq,0,0,0.0,0,0.0,0.0,0.0,0.0,0.0
priiduneemre_btcd-cli4j,0,24336,0.0,24336,0.0,0.0,0.0,0.0,0.0
programmeres_excel-boot,0,0,0.0,0,0.0,0.0,0.0,0.0,0.0
ptgoetz_storm-jms,450,1455,23.62204724409449,1905,0.0,0.0,0.0,0.0,23.62204724409449
pveentjer_Multiverse,23086,12222,65.38461538461539,35308,0.0,0.0,0.0,0.0,65.38461538461539
pwntester_JRE8u20_RCE_Gadget,0,0,0.0,0,610.0,575.0,51.47679324894515,1185.0,51.47679324894515
pwntester_S2-046-PoC,0,0,0.0,0,0.0,0.0,0.0,0.0,0.0
qbhy_poster-generater,0,0,0.0,0,0.0,2741.0,0.0,2741.0,0.0
qiangqiang666_demo,907,5810,13.50305195771922,6717,0.0,0.0,0.0,0.0,13.50305195771922
qianyu1009_ja-netfilter,0,0,0.0,0,0.0,0.0,0.0,0.0,0.0
qinming99_dst-admin,0,0,0.0,0,0.0,0.0,0.0,0.0,0.0
qiurunze123_Designpattern,5,5189,0.09626492106276473,5194,0.0,0.0,0.0,0.0,0.09626492106276473
qiuxinfa_springboot-shiro-vue-stu,0,0,0.0,0,0.0,0.0,0.0,0.0,0.0
qos-ch_reload4j,24931,17382,58.92042634651289,42313,0.0,0.0,0.0,0.0,58.92042634651289
qq53182347_liughMVC,0,0,0.0,0,0.0,0.0,0.0,0.0,0.0
qtc-de_remote-method-guesser,0,0,0.0,0,0.0,0.0,0.0,0.0,0.0
qubole_presto-udfs,0,0,0.0,0,1163.0,1694.0,40.70703535176759,2857.0,40.70703535176759
quicktheories_QuickTheories,17720,1678,91.34962367254356,19398,0.0,0.0,0.0,0.0,91.34962367254356
qunarcorp_ic,0,0,0.0,0,0.0,0.0,0.0,0.0,0.0
qunarcorp_qconfig,0,114168,0.0,114168,0.0,0.0,0.0,0.0,0.0
qunarcorp_qmq,5203,402475,1.2762523364027492,407678,0.0,0.0,0.0,0.0,1.2762523364027492
qzw1210_SpringMVC_Mybatis_Shiro,0,0,0.0,0,0.0,0.0,0.0,0.0,0.0
ragnor_simple-spring-memcached,49205,14769,76.91405883640229,63974,0.0,0.0,0.0,0.0,76.91405883640229
rajithd_spring-boot-oauth2,365,395,48.026315789473685,760,0.0,0.0,0.0,0.0,48.026315789473685
raml-org_raml-java-parser,37421,6664,84.88374730634003,44085,57139.0,28480.0,66.73635524825097,85619.0,84.88374730634003
ramostear_Happy-Captcha,0,0,0.0,0,0.0,0.0,0.0,0.0,0.0
randian666_algorithm-study,0,0,0.0,0,0.0,0.0,0.0,0.0,0.0
raphaeljolivet_java2typescript,8623,717,92.32334047109208,9340,0.0,0.0,0.0,0.0,92.32334047109208
rapid7_metasploit-javapayload,0,0,0.0,0,0.0,0.0,0.0,0.0,0.0
rathboma_hive-extension-examples,205,331,38.24626865671642,536,0.0,0.0,0.0,0.0,38.24626865671642
raydac_j-j-jvm,7197,1135,86.3778204512722,8332,0.0,0.0,0.0,0.0,86.3778204512722
rdelbru_SIREn,0,0,0.0,0,0.0,0.0,0.0,0.0,0.0
recklyss_scaffold-cloud,0,82040,0.0,82040,0.0,0.0,0.0,0.0,0.0
reljicd_spring-boot-blog,365,945,27.86259541984733,1310,0.0,0.0,0.0,0.0,27.86259541984733
reljicd_spring-boot-shopping-cart,295,806,26.793823796548594,1101,0.0,0.0,0.0,0.0,26.793823796548594
resthub_springmvc-router,2010,1470,57.758620689655174,3480,2500.0,980.0,71.83908045977012,3480.0,71.83908045977012
resty-gwt_resty-gwt,917,16126,5.38050812650355,17043,0.0,0.0,0.0,0.0,5.38050812650355
retrostreams_android-retrostreams,0,0,0.0,0,0.0,0.0,0.0,0.0,0.0
rfoltyns_log4j2-elasticsearch,147214,9030,94.22057807019789,156244,0.0,0.0,0.0,0.0,94.22057807019789
ricardozanini_soccer-stats,45,175,20.454545454545457,220,175.0,45.0,79.54545454545455,220.0,79.54545454545455
righettod_poc-graphql,0,0,0.0,0,0.0,0.0,0.0,0.0,0.0
rjeschke_txtmark,5535,4160,57.09128416709645,9695,0.0,0.0,0.0,0.0,57.09128416709645
rkapsi_patricia-trie,3761,2889,56.556390977443606,6650,0.0,0.0,0.0,0.0,56.556390977443606
rmuller_infomas-asl,1380,415,76.88022284122563,1795,0.0,0.0,0.0,0.0,76.88022284122563
rocketmq_rocketmq-spring-boot-starter,0,0,0.0,0,0.0,0.0,0.0,0.0,0.0
rohanpadhye_vasco,4576,2946,60.83488433927147,7522,0.0,0.0,0.0,0.0,60.83488433927147
rometools_rome,119559,26656,81.76931231405806,146215,0.0,0.0,0.0,0.0,81.76931231405806
roncoo_roncoo-adminlte-springmvc,0,0,0.0,0,0.0,0.0,0.0,0.0,0.0
roncoo_roncoo-education,0,177206,0.0,177206,0.0,0.0,0.0,0.0,0.0
rosbo_texas-holdem-poker-ai,1852,4541,28.96918504614422,6393,0.0,0.0,0.0,0.0,28.96918504614422
roseboy_classfinal,0,15098,0.0,15098,0.0,15098.0,0.0,15098.0,0.0
rrice_java-string-similarity,650,61,91.42053445850914,711,0.0,0.0,0.0,0.0,91.42053445850914
rschreijer_lutung,0,5480,0.0,5480,4515.0,965.0,82.3905109489051,5480.0,82.3905109489051
rstoyanchev_demo-reactive-spring,0,276,0.0,276,0.0,0.0,0.0,0.0,0.0
rstoyanchev_spring-mvc-chat,0,0,0.0,0,0.0,0.0,0.0,0.0,0.0
rstoyanchev_spring-websocket-portfolio,725,495,59.42622950819673,1220,0.0,0.0,0.0,0.0,59.42622950819673
rtyley_android-screenshot-lib,55,580,8.661417322834646,635,395.0,925.0,29.924242424242426,1320.0,29.924242424242426
rtyley_animated-gif-lib-for-java,3890,635,85.96685082872928,4525,4150.0,375.0,91.71270718232044,4525.0,91.71270718232044
sahan_RoboZombie,2357,7285,24.44513586392865,9642,0.0,0.0,0.0,0.0,24.44513586392865
salesforce_reactive-grpc,13732,95285,12.596200592568133,109017,0.0,0.0,0.0,0.0,12.596200592568133
sanity_LastCalc,7119,5699,55.53908566078951,12818,0.0,0.0,0.0,0.0,55.53908566078951
sannidhi_tdd-boot-demo,185,10,94.87179487179486,195,0.0,0.0,0.0,0.0,94.87179487179486
sanshengshui_multiTenant,35,324,9.749303621169917,359,203.0,156.0,56.54596100278552,359.0,56.54596100278552
savicprvoslav_Spring-Boot-starter,0,0,0.0,0,0.0,0.0,0.0,0.0,0.0
sbtourist_Journal.IO,4851,1377,77.89017341040463,6228,0.0,0.0,0.0,0.0,77.89017341040463
schema-repo_schema-repo,28991,8172,78.01038667491859,37163,0.0,0.0,0.0,0.0,78.01038667491859
scijava_native-lib-loader,837,835,50.05980861244019,1672,0.0,0.0,0.0,0.0,50.05980861244019
scijava_scijava-common,42346,42748,49.763790631536885,85094,0.0,0.0,0.0,0.0,49.763790631536885
scxwhite_hera,0,122997,0.0,122997,0.0,0.0,0.0,0.0,0.0
sczyh30_vertx-blueprint-microservice,346,53484,0.6427642578487832,53830,0.0,0.0,0.0,0.0,0.6427642578487832
sdaschner_scalable-coffee-shop,1833,3084,37.27882855399634,4917,0.0,0.0,0.0,0.0,37.27882855399634
seagull1985_LuckyFrameWeb,0,0,0.0,0,10584.0,38834.0,21.41729734104982,49418.0,21.41729734104982
searchhub_preDict,0,6357,0.0,6357,0.0,0.0,0.0,0.0,0.0
sebastienblanc_spring-boot-keycloak-tutorial,10,30,25.0,40,0.0,0.0,0.0,0.0,25.0
sentilo_sentilo,0,125390,0.0,125390,0.0,0.0,0.0,0.0,0.0
shawntime_shawn-common-utils,0,0,0.0,0,0.0,0.0,0.0,0.0,0.0
shazam_gwen,0,0,0.0,0,0.0,0.0,0.0,0.0,0.0
shazam_shazamcrest,2068,310,86.96383515559293,2378,0.0,0.0,0.0,0.0,86.96383515559293
sheefee_simple-sso,0,2539,0.0,2539,0.0,0.0,0.0,0.0,0.0
shengqi158_Jackson-databind-RCE-PoC,0,0,0.0,0,0.0,0.0,0.0,0.0,0.0
shenzepeng_suyoushop,0,0,0.0,0,0.0,0.0,0.0,0.0,0.0
sherlockgit_SpringBoot-Shrio-jpa,0,0,0.0,0,0.0,0.0,0.0,0.0,0.0
shuaicj_zuul-auth-example,0,592,0.0,592,0.0,0.0,0.0,0.0,0.0
shuleisanshi_myblog,0,0,0.0,0,0.0,0.0,0.0,0.0,0.0
shzlw_poli,1315,7916,14.245477196403423,9231,0.0,0.0,0.0,0.0,14.245477196403423
siam1026_siam-server,0,299237,0.0,299237,0.0,0.0,0.0,0.0,0.0
sidd-harth_kubernetes-devops-security,55,35,61.111111111111114,90,0.0,0.0,0.0,0.0,61.111111111111114
signalapp_PushServer,411,2849,12.607361963190183,3260,0.0,0.0,0.0,0.0,12.607361963190183
sih4sing5hong5_google-sites-liberation,3510,5520,38.87043189368771,9030,0.0,0.0,0.0,0.0,38.87043189368771
silb_shiro-jersey,0,0,0.0,0,0.0,0.0,0.0,0.0,0.0
sim0n_Caesium,0,0,0.0,0,0.0,0.0,0.0,0.0,0.0
simplyi_springmvc-ws,455,2769,14.112903225806454,3224,1410.0,1814.0,43.734491315136474,3224.0,43.734491315136474
skate056_spring-security-oauth2-google,419,340,55.20421607378129,759,0.0,0.0,0.0,0.0,55.20421607378129
skyscreamer_yoga,42093,44653,48.52442763931478,86746,0.0,0.0,0.0,0.0,48.52442763931478
skyyemperor_sducat,0,17453,0.0,17453,0.0,0.0,0.0,0.0,0.0
slimina_thrift-zookeeper-rpc,0,0,0.0,0,0.0,0.0,0.0,0.0,0.0
smacke_jaydio,1970,1180,62.53968253968254,3150,0.0,0.0,0.0,0.0,62.53968253968254
smartcat-labs_cassandra-migration-tool-java,290,330,46.774193548387096,620,0.0,0.0,0.0,0.0,46.774193548387096
smartrics_RestFixture,7063,1900,78.80174048867566,8963,0.0,0.0,0.0,0.0,78.80174048867566
sockeqwe_fragmentargs,2990,2940,50.42158516020236,5930,3900.0,7840.0,33.21976149914821,11740.0,50.42158516020236
sofastack_sofa-ark,91988,92615,49.830176107647226,184603,0.0,0.0,0.0,0.0,49.830176107647226
sofastack_sofa-jarslink,2058,2551,44.65176827945324,4609,0.0,0.0,0.0,0.0,44.65176827945324
sofastack_sofa-lookout,99645,137172,42.07679347344152,236817,0.0,0.0,0.0,0.0,42.07679347344152
sofieneBK_hands-on-hexagonal-architecture-with-spring-boot,0,726,0.0,726,0.0,0.0,0.0,0.0,0.0
softwareloop_mybatis-generator-lombok-plugin,0,0,0.0,0,0.0,0.0,0.0,0.0,0.0
sohutv_mqcloud,0,44071,0.0,44071,0.0,0.0,0.0,0.0,0.0
songboriceman_doubao_community_backend,256,2666,8.761122518822724,2922,0.0,0.0,0.0,0.0,8.761122518822724
songxinjianqwe_Chat,0,2036,0.0,2036,0.0,0.0,0.0,0.0,0.0
songxinjianqwe_WebServer,0,7092,0.0,7092,0.0,0.0,0.0,0.0,0.0
sonian_elasticsearch-jetty,3167,1218,72.22348916761688,4385,0.0,0.0,0.0,0.0,72.22348916761688
soyjuanmalopez_clean-architecture,0,0,0.0,0,0.0,0.0,0.0,0.0,0.0
spaceraccoon_spring-boot-actuator-h2-rce,0,0,0.0,0,0.0,0.0,0.0,0.0,0.0
spotify_apollo,60917,29569,67.32201666556152,90486,0.0,0.0,0.0,0.0,67.32201666556152
spotify_dataenum,8852,936,90.43727012668575,9788,0.0,0.0,0.0,0.0,90.43727012668575
spotify_flo,0,48793,0.0,48793,0.0,0.0,0.0,0.0,0.0
spotify_netty-zmtp,2871,1110,72.11755840241145,3981,0.0,0.0,0.0,0.0,72.11755840241145
spotify_trickle,1686,30,98.25174825174825,1716,0.0,0.0,0.0,0.0,98.25174825174825
spoutcraft_LegacyLauncher,0,0,0.0,0,0.0,0.0,0.0,0.0,0.0
spring-attic_authserver,140,10,93.33333333333333,150,140.0,10.0,93.33333333333333,150.0,93.33333333333333
spring-attic_aws-refapp,0,0,0.0,0,0.0,0.0,0.0,0.0,0.0
spring-attic_spring-cloud-aws,72510,12558,85.23769219918184,85068,0.0,0.0,0.0,0.0,85.23769219918184
spring-attic_zero-downtime-deployment,0,0,0.0,0,0.0,0.0,0.0,0.0,0.0
spring-projects_spring-hateoas-examples,812,1988,28.999999999999996,2800,0.0,0.0,0.0,0.0,28.999999999999996
springboot4_Art,0,116037,0.0,116037,0.0,0.0,0.0,0.0,0.0
springframeworkguru_gof,3915,615,86.42384105960265,4530,0.0,0.0,0.0,0.0,86.42384105960265
springframeworkguru_mssc-brewery,25,90,21.73913043478261,115,104.0,11.0,90.43478260869566,115.0,90.43478260869566
springframeworkguru_spring5-recipe-app,5,10,33.33333333333333,15,0.0,0.0,0.0,0.0,33.33333333333333
springframeworkguru_spring5webapp,5,10,33.33333333333333,15,0.0,0.0,0.0,0.0,33.33333333333333
spullara_cli-parser,1526,385,79.85347985347985,1911,0.0,0.0,0.0,0.0,79.85347985347985
square_gifencoder,1011,1510,40.103133677112254,2521,0.0,0.0,0.0,0.0,40.103133677112254
square_javapoet,9976,635,94.0156441428706,10611,10171.0,440.0,95.8533597210442,10611.0,95.8533597210442
square_mimecraft,930,160,85.3211009174312,1090,0.0,0.0,0.0,0.0,85.3211009174312
ssssssss-team_spider-flow,0,23553,0.0,23553,0.0,0.0,0.0,0.0,0.0
stalary_microservice-recruit,0,0,0.0,0,0.0,0.0,0.0,0.0,0.0
stefan-zobel_streamsupport,0,0,0.0,0,0.0,0.0,0.0,0.0,0.0
stephenc_high-scale-lib,19604,15099,56.49079330317264,34703,25440.0,19618.0,56.46056194238537,45058.0,56.49079330317264
steventong_simple-microservices,0,0,0.0,0,0.0,0.0,0.0,0.0,0.0
stormpath_spring-mvc-rest-exhandler,0,2058,0.0,2058,0.0,0.0,0.0,0.0,0.0
streamsupport_streamsupport,0,0,0.0,0,0.0,0.0,0.0,0.0,0.0
suguru_cassandra-webconsole,0,0,0.0,0,807.0,2123.0,27.542662116040955,2930.0,27.542662116040955
suisui2019_springboot-study,0,0,0.0,0,0.0,0.0,0.0,0.0,0.0
sunrongxin7666_OpenSAML-ref-project-demo-v3,0,0,0.0,0,0.0,0.0,0.0,0.0,0.0
sunweiguo_mama-buy,0,0,0.0,0,0.0,0.0,0.0,0.0,0.0
sunysen_naivechain,0,1201,0.0,1201,0.0,0.0,0.0,0.0,0.0
svlada_springboot-security-jwt,0,1813,0.0,1813,0.0,0.0,0.0,0.0,0.0
swagger-api_swagger-inflector,8947,7502,54.39236427746368,16449,0.0,0.0,0.0,0.0,54.39236427746368
swagger-api_swagger-petstore,0,2829,0.0,2829,0.0,2829.0,0.0,2829.0,0.0
szerhusenBC_jwt-spring-security-demo,998,277,78.27450980392156,1275,0.0,0.0,0.0,0.0,78.27450980392156
takeseem_diamond,0,11346,0.0,11346,0.0,0.0,0.0,0.0,0.0
taksan_skype-java-api,2967,15447,16.112740306288693,18414,0.0,0.0,0.0,0.0,16.112740306288693
tal-tech_h5-transfer-pdf,78,2307,3.270440251572327,2385,78.0,2307.0,3.270440251572327,2385.0,3.270440251572327
tang-jie_NettyGateway,0,0,0.0,0,0.0,0.0,0.0,0.0,0.0
taoroot_oauth2-server,0,1730,0.0,1730,0.0,0.0,0.0,0.0,0.0
tcplugins_tcWebHooks,111874,70647,61.29376893617721,182521,0.0,0.0,0.0,0.0,61.29376893617721
tdziurko_Guava-Lessons,555,130,81.02189781021897,685,0.0,0.0,0.0,0.0,81.02189781021897
tedyoung_kid-bank,2570,1249,67.29510343021732,3819,0.0,0.0,0.0,0.0,67.29510343021732
tfnico_guava-examples,0,230,0.0,230,0.0,0.0,0.0,0.0,0.0
thatcherclough_BetterBackdoor,0,0,0.0,0,0.0,0.0,0.0,0.0,0.0
thomasdarimont_spring-boot-2-keycloak-oauth-example,0,0,0.0,0,0.0,0.0,0.0,0.0,0.0
thomasdarimont_spring-boot-keycloak-server-example,0,0,0.0,0,0.0,1048.0,0.0,1048.0,0.0
threedr3am_dubbo-exp,445,6236,6.66067953899117,6681,0.0,0.0,0.0,0.0,6.66067953899117
threedr3am_tomcat-cluster-session-sync-exp,0,0,0.0,0,0.0,0.0,0.0,0.0,0.0
thrsky_ThrskyShop,0,0,0.0,0,0.0,0.0,0.0,0.0,0.0
thulab_tsfile,20444,6672,75.39460097359493,27116,0.0,0.0,0.0,0.0,75.39460097359493
thundra-io_merloc-java,0,18345,0.0,18345,0.0,0.0,0.0,0.0,0.0
timurstrekalov_saga,5823,17740,24.712472944871198,23563,0.0,0.0,0.0,0.0,24.712472944871198
tipsy_spark-basic-structure,0,0,0.0,0,331.0,522.0,38.804220398593195,853.0,38.804220398593195
tjake_Solandra,0,17410,0.0,17410,0.0,0.0,0.0,0.0,0.0
tlrx_elasticsearch-test,3072,588,83.93442622950819,3660,0.0,0.0,0.0,0.0,83.93442622950819
tobiasflohre_movie-database,570,5640,9.178743961352657,6210,0.0,0.0,0.0,0.0,9.178743961352657
tolbertam_sstable-tools,600,6406,8.564087924636027,7006,0.0,0.0,0.0,0.0,8.564087924636027
tonybase_netty-chat,0,9846,0.0,9846,0.0,0.0,0.0,0.0,0.0
tonydeng_fmj,95,1506,5.933791380387258,1601,0.0,0.0,0.0,0.0,5.933791380387258
tools4j_unix4j,55826,24724,69.30602110490378,80550,0.0,0.0,0.0,0.0,69.30602110490378
topsale_spring-boot-samples,0,138,0.0,138,0.0,0.0,0.0,0.0,0.0
trK54Ylmz_kafka-spark-streaming-example,0,2322,0.0,2322,0.0,0.0,0.0,0.0,0.0
traas-stack_altershield,0,257398,0.0,257398,0.0,0.0,0.0,0.0,0.0
trecloux_yeoman-maven-plugin,215,845,20.28301886792453,1060,0.0,0.0,0.0,0.0,20.28301886792453
trystan_AsciiPanel,880,565,60.89965397923876,1445,0.0,0.0,0.0,0.0,60.89965397923876
tuanhiep_mqttjmeter,0,0,0.0,0,0.0,0.0,0.0,0.0,0.0
tumblr_jumblr,2305,1395,62.29729729729729,3700,3100.0,600.0,83.78378378378379,3700.0,83.78378378378379
twitter-archive_cloudhopper-smpp,11539,5350,68.32257682515247,16889,0.0,0.0,0.0,0.0,68.32257682515247
twitter-archive_libcrunch,3397,2526,57.352692892115485,5923,3397.0,2526.0,57.352692892115485,5923.0,57.352692892115485
twitter_hbc,10810,7737,58.28435865638648,18547,0.0,0.0,0.0,0.0,58.28435865638648
twitter_joauth,3124,605,83.77581120943954,3729,3494.0,235.0,93.69804237060875,3729.0,93.69804237060875
twitter_netty-http2,3704,5976,38.264462809917354,9680,5734.0,3946.0,59.235537190082646,9680.0,59.235537190082646
uaihebert_uaicontacts,0,0,0.0,0,410.0,345.0,54.3046357615894,755.0,54.3046357615894
uartois_sonar-golang,2523,2607,49.1812865497076,5130,0.0,0.0,0.0,0.0,49.1812865497076
unline2_RandomImage,0,792,0.0,792,0.0,0.0,0.0,0.0,0.0
uptop_JavaWebSocket,0,0,0.0,0,0.0,0.0,0.0,0.0,0.0
usc-isi-i2_Web-Karma,0,1979392,0.0,1979392,0.0,0.0,0.0,0.0,0.0
uwolfer_gerrit-rest-java-client,10447,7562,58.00988394691543,18009,0.0,0.0,0.0,0.0,58.00988394691543
v5tech_oltu-oauth2-example,0,0,0.0,0,0.0,0.0,0.0,0.0,0.0
v5tech_spring-quartz-cluster-sample,0,0,0.0,0,0.0,0.0,0.0,0.0,0.0
vaadin_addressbook,0,0,0.0,0,0.0,0.0,0.0,0.0,0.0
vasia_gelly-streaming,580,6328,8.396062536189925,6908,0.0,0.0,0.0,0.0,8.396062536189925
vatri_spring-rest-ecommerce,130,3115,4.006163328197227,3245,1641.0,1604.0,50.57010785824345,3245.0,50.57010785824345
vbauer_caesar,921,15,98.3974358974359,936,0.0,0.0,0.0,0.0,98.3974358974359
vbauer_jackdaw,1034,5169,16.66935353861035,6203,0.0,0.0,0.0,0.0,16.66935353861035
vdenotaris_spring-boot-security-saml-sample,1005,55,94.81132075471697,1060,0.0,0.0,0.0,0.0,94.81132075471697
veo_vagent,0,0,0.0,0,0.0,0.0,0.0,0.0,0.0
veracode-research_spring-view-manipulation,0,0,0.0,0,55.0,20.0,73.33333333333333,75.0,73.33333333333333
vert-x3_vertx-sync,0,703,0.0,703,0.0,0.0,0.0,0.0,0.0
vidstige_jadb,2575,830,75.62408223201174,3405,0.0,0.0,0.0,0.0,75.62408223201174
vijjayy81_spring-boot-jpa-rest-demo-filter-paging-sorting,0,3028,0.0,3028,0.0,0.0,0.0,0.0,0.0
vincentbin_bRPC,0,14192,0.0,14192,0.0,0.0,0.0,0.0,0.0
vincentrussell_sql-to-mongo-db-query-converter,7325,2149,77.31686721553726,9474,0.0,0.0,0.0,0.0,77.31686721553726
vip-efactory_efadmin,0,26227,0.0,26227,0.0,0.0,0.0,0.0,0.0
virgo47_javasimon,126170,75084,62.69192165124669,201254,0.0,0.0,0.0,0.0,62.69192165124669
vitalidze_chromecast-java-api-v2,4887,6107,44.451519010369296,10994,0.0,0.0,0.0,0.0,44.451519010369296
vlingo_xoom-actors,15124,6173,71.01469690566746,21297,0.0,0.0,0.0,0.0,71.01469690566746
wander-chu_SpringBoot-Blog,0,0,0.0,0,0.0,0.0,0.0,0.0,0.0
wanghongfei_gae,2005,5013,28.569392989455682,7018,4486.0,2532.0,63.921345112567685,7018.0,63.921345112567685
wangweiX_blockchain-java,0,4126,0.0,4126,0.0,0.0,0.0,0.0,0.0
warmuuh_libsass-maven-plugin,321,1318,19.585112873703476,1639,0.0,0.0,0.0,0.0,19.585112873703476
watson-developer-cloud_java-sdk,166837,63454,72.44616593787859,230291,0.0,0.0,0.0,0.0,72.44616593787859
webbit_webbit,4634,6023,43.48315661067843,10657,0.0,0.0,0.0,0.0,43.48315661067843
webx_citrus,0,1101275,0.0,1101275,0.0,0.0,0.0,0.0,0.0
weiqingwen_spring-boot-forum,310,3845,7.460890493381468,4155,0.0,0.0,0.0,0.0,7.460890493381468
weizhenyi_leaf-snowflake,0,0,0.0,0,0.0,0.0,0.0,0.0,0.0
wenweihu86_raft-java,0,0,0.0,0,0.0,0.0,0.0,0.0,0.0
wenzewoo_ExcelKit,0,0,0.0,0,0.0,0.0,0.0,0.0,0.0
wfh45678_radar,0,50275,0.0,50275,0.0,0.0,0.0,0.0,0.0
wh1t3p1g_ysomap,0,30767,0.0,30767,0.0,0.0,0.0,0.0,0.0
wihoho_FaceRecognition,3699,4951,42.763005780346816,8650,0.0,0.0,0.0,0.0,42.763005780346816
wilkinsona_spring-boot-sample-tomcat-jndi,107,10,91.45299145299145,117,107.0,10.0,91.45299145299145,117.0,91.45299145299145
withstars_Genesis,0,0,0.0,0,0.0,0.0,0.0,0.0,0.0
wkennedy_swagger4spring-web,3787,1661,69.51174743024964,5448,0.0,0.0,0.0,0.0,69.51174743024964
wmyskxz_Tmall_SSM,0,13715,0.0,13715,8640.0,5075.0,62.996718920889535,13715.0,62.996718920889535
wouterd_docker-maven-plugin,2799,4319,39.32284349536387,7118,0.0,0.0,0.0,0.0,39.32284349536387
wsk1103_Used-Trading-Platform,0,0,0.0,0,0.0,0.0,0.0,0.0,0.0
wso2_balana,158523,126303,55.65608476754229,284826,0.0,0.0,0.0,0.0,55.65608476754229
wucao_JCatch,0,0,0.0,0,0.0,0.0,0.0,0.0,0.0
wucao_JDeploy,0,0,0.0,0,0.0,0.0,0.0,0.0,0.0
wucao_websocket-tail-demo,0,0,0.0,0,0.0,0.0,0.0,0.0,0.0
wurstmeister_storm-kafka-0.8-plus,140,4126,3.281762775433662,4266,0.0,0.0,0.0,0.0,3.281762775433662
wuyinxian124_nettybook2,0,0,0.0,0,0.0,0.0,0.0,0.0,0.0
xcesco_kripton,0,0,0.0,0,0.0,0.0,0.0,0.0,0.0
xenv_S-mall-ssm,0,0,0.0,0,0.0,0.0,0.0,0.0,0.0
xggz_mqr,0,33002,0.0,33002,0.0,0.0,0.0,0.0,0.0
xiaolongzuo_everyone-java-blog,0,408830,0.0,408830,0.0,0.0,0.0,0.0,0.0
xiaopan233_GenerateNoHard,0,0,0.0,0,0.0,0.0,0.0,0.0,0.0
xingcun_xc-spring-cloud-alibaba,0,20626,0.0,20626,0.0,0.0,0.0,0.0,0.0
xkcoding_magic-starter,0,53400,0.0,53400,0.0,0.0,0.0,0.0,0.0
xpinjection_hibernate-performance,420,100,80.76923076923077,520,420.0,100.0,80.76923076923077,520.0,80.76923076923077
xu942122587_Java-Interview,1217,3424,26.222796811032108,4641,0.0,0.0,0.0,0.0,26.222796811032108
xuender_unidecode,235,15,94.0,250,235.0,15.0,94.0,250.0,94.0
xuhuisheng_activiti-basic,0,0,0.0,0,0.0,0.0,0.0,0.0,0.0
xuwujing_java-study,0,42115,0.0,42115,0.0,0.0,0.0,0.0,0.0
xuyaohui_Spring-Cloud-Cli,0,1728,0.0,1728,0.0,0.0,0.0,0.0,0.0
xvitcoder_spring-mvc-angularjs,0,0,0.0,0,0.0,0.0,0.0,0.0,0.0
xwlcn_Dodder,0,52158,0.0,52158,0.0,0.0,0.0,0.0,0.0
xzping_jnu_forum,0,0,0.0,0,0.0,0.0,0.0,0.0,0.0
yahoo_sherlock,22685,5433,80.67785760011381,28118,0.0,0.0,0.0,0.0,80.67785760011381
yakaz_elasticsearch-action-updatebyquery,0,0,0.0,0,0.0,0.0,0.0,0.0,0.0
yangbutao_disgear,0,14349,0.0,14349,0.0,0.0,0.0,0.0,0.0
yangfuhai_jboot,14210,98209,12.640212063797046,112419,0.0,0.0,0.0,0.0,12.640212063797046
yanghua_banyan,0,31112,0.0,31112,0.0,0.0,0.0,0.0,0.0
yangliu0_DistributedLock,0,0,0.0,0,0.0,0.0,0.0,0.0,0.0
yangxiufeng666_Micro-Service-Skeleton,0,1773,0.0,1773,0.0,0.0,0.0,0.0,0.0
yeecode_EasyRPC,0,0,0.0,0,0.0,0.0,0.0,0.0,0.0
yeecode_ObjectLogger,0,4858,0.0,4858,0.0,0.0,0.0,0.0,0.0
yetel_EasyChatServer,365,5499,6.224420190995907,5864,0.0,0.0,0.0,0.0,6.224420190995907
yifanzheng_spring-security-jwt,0,2788,0.0,2788,0.0,2788.0,0.0,2788.0,0.0
young-datafan-ooooo1_sqlbuilder,0,0,0.0,0,0.0,0.0,0.0,0.0,0.0
youngmonkeys_ezyfox-server,126144,20,99.9841476173869,126164,0.0,0.0,0.0,0.0,99.9841476173869
ysc_HtmlExtractor,0,0,0.0,0,0.0,0.0,0.0,0.0,0.0
ysc_QuestionAnsweringSystem,0,0,0.0,0,0.0,0.0,0.0,0.0,0.0
ysc_superword,446,36651,1.2022535515001214,37097,0.0,0.0,0.0,0.0,1.2022535515001214
yuchenggroup_rapid-generator,0,0,0.0,0,0.0,0.0,0.0,0.0,0.0
yudiandemingzi_spring-boot-netty-websocket-huobi,0,0,0.0,0,0.0,0.0,0.0,0.0,0.0
yudiandemingzi_spring-boot-sharding-sphere,0,0,0.0,0,0.0,0.0,0.0,0.0,0.0
yudiandemingzi_spring-boot-wechat-login,0,0,0.0,0,0.0,0.0,0.0,0.0,0.0
yuequan1997_watchdog-spring-boot-starter,1005,266,79.07159716758459,1271,1070.0,201.0,84.18568056648309,1271.0,84.18568056648309
yuhuangbin_spring-cloud-alibaba-samples,0,1182,0.0,1182,0.0,0.0,0.0,0.0,0.0
yujunhao8831_spring-boot-start-current,0,76660,0.0,76660,0.0,0.0,0.0,0.0,0.0
ywilkof_spark-jobs-rest-client,1021,174,85.43933054393305,1195,1106.0,89.0,92.55230125523013,1195.0,92.55230125523013
yxq9650_CarParking,0,14131,0.0,14131,0.0,0.0,0.0,0.0,0.0
yydzxz_ByteDanceOpen,0,8554,0.0,8554,0.0,0.0,0.0,0.0,0.0
yzcheng90_ms,0,20324,0.0,20324,0.0,0.0,0.0,0.0,0.0
zDevelopers_ImageOnMap,0,0,0.0,0,0.0,0.0,0.0,0.0,0.0
zalando_opentracing-toolbox,17584,2635,86.9677036450863,20219,0.0,0.0,0.0,0.0,86.9677036450863
zapr-oss_druidry,8495,1381,86.01660591332522,9876,0.0,0.0,0.0,0.0,86.01660591332522
zas023_ssmBillBook,0,0,0.0,0,0.0,0.0,0.0,0.0,0.0
zbfzn_MediaQuickServer,0,0,0.0,0,1266.0,2108.0,37.522228808535864,3374.0,37.522228808535864
zc-zh-001_ShadowSocks-Share,0,0,0.0,0,0.0,0.0,0.0,0.0,0.0
zeemood_wechat-open-sdk,0,396,0.0,396,0.0,0.0,0.0,0.0,0.0
zhaojun1998_Shiro-Action,0,0,0.0,0,0.0,0.0,0.0,0.0,0.0
zheludkovm_LinuxJavaFixes,0,0,0.0,0,95.0,672.0,12.385919165580182,767.0,12.385919165580182
zhongxunking_configcenter,0,18358,0.0,18358,0.0,30941.0,0.0,30941.0,0.0
zhuzhong_gateway,0,0,0.0,0,0.0,0.0,0.0,0.0,0.0
zitmen_thunderstorm,0,0,0.0,0,0.0,0.0,0.0,0.0,0.0
zongzibinbin_MallChat,0,8971,0.0,8971,0.0,0.0,0.0,0.0,0.0
zou-Jack_examination_system-,0,0,0.0,0,0.0,0.0,0.0,0.0,0.0
zpsw_jt808-netty,0,0,0.0,0,1354.0,868.0,60.93609360936093,2222.0,60.93609360936093
zykzhangyukang_Xinguan,0,20834,0.0,20834,0.0,0.0,0.0,0.0,0.0
zznate_cassandra-tutorial,0,2695,0.0,2695,385.0,2310.0,14.285714285714285,2695.0,14.285714285714285
zznate_hector-examples,0,0,0.0,0,0.0,0.0,0.0,0.0,0.0
